"ad_date","source","campaign_name","audience_segment","total_spend","total_impressions","total_reach","total_clicks","total_leads","total_value","utm_campaign"
2020-11-11,facebook,Discounts,True power,189,1800,1690,45,0,238,discounts
2020-11-12,facebook,Discounts,True power,2266,10264,11558,395,7,2079,discounts
2020-11-12,facebook,Discounts,Upgrades,34,209,52,2,0,34,discounts
2020-11-12,google,Discounts,True power,332,9124,2900,252,6,440,discounts
2020-11-12,google,Discounts,Upgrades,66,180,129,7,0,76,discounts
2020-11-13,facebook,Discounts,True power,622,11603,2855,451,7,960,discounts
2020-11-13,facebook,Discounts,Upgrades,14,66,52,0,0,17,discounts
2020-11-13,google,Discounts,True power,1054,6449,4682,108,9,1357,discounts
2020-11-14,facebook,Discounts,True power,727,5005,2375,392,4,1267,discounts
2020-11-14,google,Discounts,Upgrades,1,7,6,0,0,1,discounts
2020-11-15,facebook,Discounts,True power,698,12465,8396,657,4,1096,discounts
2020-11-15,google,Discounts,True power,682,5210,1882,130,2,1000,discounts
2020-11-16,facebook,Discounts,True power,4167,13113,16542,768,9,3291,discounts
2020-11-16,google,Discounts,True power,2760,17001,8890,597,12,3555,discounts
2020-11-17,facebook,Discounts,True power,1261,17686,3791,270,5,1195,discounts
2020-11-18,facebook,Discounts,True power,3330,4881,14615,177,5,3539,discounts
2020-11-18,google,Discounts,True power,372,15958,12117,105,2,407,discounts
2020-11-19,facebook,Discounts,True power,1083,12938,3255,330,8,1765,discounts
2020-11-20,facebook,Discounts,True power,1684,18425,7947,344,1,1681,discounts
2020-11-20,google,Discounts,True power,2433,1781,10475,235,6,2602,discounts
2020-11-21,facebook,Discounts,True power,1819,10351,19369,631,8,1716,discounts
2020-11-21,google,Discounts,True power,2137,5352,4128,447,6,3513,discounts
2020-11-22,facebook,Discounts,True power,3646,9922,10012,263,9,4865,discounts
2020-11-23,facebook,Discounts,True power,1456,14090,11138,116,3,2021,discounts
2020-11-23,google,Discounts,True power,2762,4664,10765,47,7,4419,discounts
2020-11-24,facebook,Discounts,True power,3700,5152,8025,268,5,4029,discounts
2020-11-24,google,Discounts,True power,2402,3471,4087,155,0,2432,discounts
2020-11-25,facebook,Discounts,True power,3995,2625,8001,212,3,3586,discounts
2020-11-25,google,Discounts,True power,398,4676,8490,316,3,271,discounts
2020-11-26,facebook,Discounts,True power,1423,8790,4867,185,7,1711,discounts
2020-11-27,facebook,Discounts,True power,771,9211,2671,128,3,1055,discounts
2020-11-27,google,Discounts,True power,1827,9779,3874,208,6,2800,discounts
2020-11-28,facebook,Discounts,True power,854,3481,1045,155,2,1141,discounts
2020-11-28,google,Discounts,True power,422,3829,1779,129,0,523,discounts
2020-11-29,facebook,Discounts,True power,1366,5570,16550,184,8,1762,discounts
2020-11-29,google,Discounts,True power,618,2784,6078,241,5,557,discounts
2020-11-30,facebook,Discounts,True power,3984,17746,3856,320,7,6794,discounts
2020-12-01,facebook,Discounts,True power,879,17468,7304,463,7,1354,discounts
2020-12-02,facebook,Discounts,True power,2227,8252,9634,386,1,3027,discounts
2020-12-03,facebook,Discounts,True power,4056,2575,10910,410,2,3266,discounts
2020-12-03,google,Discounts,True power,3214,4307,4263,328,1,2318,discounts
2020-12-04,facebook,Discounts,True power,2730,3037,3148,250,2,2307,discounts
2020-12-04,google,Discounts,True power,616,4891,13212,97,5,691,discounts
2020-12-05,facebook,Discounts,True power,2812,2351,8088,104,5,4528,discounts
2020-12-05,google,Discounts,True power,1622,2218,8158,250,5,2501,discounts
2020-12-06,facebook,Discounts,True power,4271,18728,7243,220,8,7228,discounts
2020-12-06,google,Discounts,True power,2225,12710,1560,289,8,1704,discounts
2020-12-07,facebook,Discounts,True power,3729,17289,16527,162,6,6076,discounts
2020-12-08,facebook,Discounts,True power,3716,5474,5001,280,0,5495,discounts
2020-12-08,google,Discounts,True power,936,4753,3106,102,4,965,discounts
2020-12-09,facebook,Discounts,True power,2565,4642,9670,68,3,4245,discounts
2020-12-09,google,Discounts,True power,2493,5377,3442,209,3,3896,discounts
2020-12-10,facebook,Discounts,True power,2552,8250,7111,121,6,2425,discounts
2020-12-10,google,Discounts,True power,678,7192,9742,29,1,977,discounts
2020-12-11,google,Discounts,True power,2839,5284,7259,174,1,3105,discounts
2020-12-12,facebook,Discounts,True power,3633,9420,2082,210,3,4183,discounts
2020-12-12,google,Discounts,True power,1693,9043,3509,31,0,1500,discounts
2020-12-13,facebook,Discounts,True power,2503,8037,10953,223,5,2872,discounts
2020-12-13,google,Discounts,True power,2284,5596,9777,198,1,3301,discounts
2020-12-14,facebook,Discounts,True power,1598,11581,10053,142,3,1589,discounts
2020-12-15,facebook,Discounts,True power,3150,9275,5469,100,1,3690,discounts
2020-12-15,google,Discounts,True power,2069,1574,3645,106,1,2874,discounts
2020-12-16,facebook,Discounts,True power,3203,9037,5686,169,4,2456,discounts
2020-12-16,google,Discounts,True power,2226,1695,2875,248,0,2653,discounts
2020-12-17,facebook,Discounts,True power,2739,11930,11208,158,2,2754,discounts
2020-12-17,google,Discounts,True power,1002,1800,9206,198,0,1065,discounts
2020-12-18,facebook,Discounts,True power,1116,11041,6597,233,2,1528,discounts
2020-12-18,google,Discounts,True power,2355,8704,8927,163,1,2744,discounts
2020-12-19,facebook,Discounts,True power,726,10078,2905,340,8,1244,discounts
2020-12-19,google,Discounts,True power,884,11212,8531,207,6,581,discounts
2020-12-20,facebook,Discounts,True power,1731,2370,7010,277,4,1712,discounts
2020-12-20,google,Discounts,True power,3383,5482,4626,319,1,3513,discounts
2020-12-21,facebook,Discounts,True power,2307,10143,9926,223,1,3150,discounts
2020-12-21,google,Discounts,True power,3253,8603,10721,106,4,2578,discounts
2020-12-22,facebook,Discounts,True power,2511,5155,10250,314,4,2752,discounts
2020-12-22,google,Discounts,True power,1211,3317,9646,234,8,1835,discounts
2020-12-23,google,Discounts,True power,548,5361,1452,62,3,625,discounts
2020-12-24,google,Discounts,True power,1904,3597,9038,143,5,2773,discounts
2020-12-25,facebook,Brand,Improved,1099,5520,8223,6,0,1691,recognition
2020-12-25,google,Discounts,True power,2049,3884,5679,57,5,3297,discounts
2020-12-26,facebook,Brand,Improved,1068,5274,6693,3,0,1692,recognition
2020-12-26,facebook,Brand,Reach 2,264,14034,11218,14,1,462,recognition
2020-12-26,facebook,Brand,Travel,432,4870,3822,2,0,401,recognition
2020-12-26,facebook,Discounts,True power,4014,3840,4237,370,8,6140,discounts
2020-12-26,google,Brand,Improved,1098,754,6248,3,0,1112,recognition
2020-12-26,google,Brand,Travel,420,6200,3061,2,0,325,recognition
2020-12-26,google,Discounts,True power,834,12062,1405,249,2,1327,discounts
2020-12-27,facebook,Brand,Improved,717,6236,4700,0,0,1157,recognition
2020-12-27,facebook,Brand,Reach 2,826,17365,53244,21,0,881,recognition
2020-12-27,facebook,Brand,Travel,406,1683,2615,9,0,431,recognition
2020-12-27,facebook,Discounts,True power,3422,7751,3576,514,1,5162,discounts
2020-12-27,google,Brand,Improved,1108,4692,2820,0,0,1147,recognition
2020-12-27,google,Brand,Travel,419,7601,892,6,0,654,recognition
2020-12-27,google,Discounts,True power,1358,3219,7243,261,7,1723,discounts
2020-12-28,facebook,Brand,Improved,1296,1717,3835,0,0,1390,recognition
2020-12-28,facebook,Brand,Reach 2,1487,27387,25160,10,0,2280,recognition
2020-12-28,facebook,Brand,Travel,1,18,35,0,0,1,recognition
2020-12-28,facebook,Discounts,True power,1441,9424,11915,80,6,2463,discounts
2020-12-28,google,Brand,Travel,3,37,45,0,0,5,recognition
2020-12-28,google,Discounts,True power,2461,3791,3601,75,4,3204,discounts
2020-12-29,facebook,Brand,Improved,321,634,2798,0,0,280,recognition
2020-12-29,facebook,Brand,Reach 2,1019,12103,37619,8,0,835,recognition
2020-12-29,facebook,Discounts,True power,3797,12620,5190,154,3,4479,discounts
2020-12-29,google,Brand,Improved,374,921,1395,0,0,335,recognition
2020-12-30,facebook,Brand,Improved,1510,820,2846,3,0,1818,recognition
2020-12-30,facebook,Brand,Reach 2,95,7030,1886,0,0,122,recognition
2020-12-30,google,Discounts,True power,2772,8853,3328,199,3,3923,discounts
2020-12-31,facebook,Brand,Improved,1287,3263,1563,1,0,1707,recognition
2020-12-31,facebook,Discounts,True power,0,0,0,0,0,0,discounts
2020-12-31,google,Brand,Improved,1368,2690,453,3,0,1403,recognition
2021-01-01,facebook,Brand,Improved,39,353,406,0,0,59,recognition
2021-01-01,facebook,Discounts,True power,0,0,0,0,0,0,discounts
2021-01-01,google,Brand,Improved,105,186,211,0,0,148,recognition
2021-01-02,facebook,Discounts,True power,774,10709,4836,205,7,690,discounts
2021-01-02,google,Discounts,True power,1929,5175,4514,531,9,1461,discounts
2021-01-03,google,Discounts,True power,4211,12160,14148,785,1,5815,discounts
2021-01-04,facebook,Discounts,True power,7006,22440,11055,1256,21,6847,discounts
2021-01-05,facebook,Discounts,True power,8115,60232,50117,1379,20,6168,discounts
2021-01-06,facebook,Brand,Improved,7,121,160,0,0,7,recognition
2021-01-06,facebook,Discounts,True power,14270,65144,79991,431,19,14590,discounts
2021-01-06,google,Brand,Improved,2,95,51,0,0,3,recognition
2021-01-07,facebook,Brand,Improved,305,2742,1714,0,0,474,recognition
2021-01-07,facebook,Discounts,True power,11637,53143,64515,1480,10,17820,discounts
2021-01-07,google,Brand,Improved,336,991,594,0,0,507,recognition
2021-01-07,google,Discounts,True power,6750,83285,25063,1526,29,6495,discounts
2021-01-08,facebook,Brand,Improved,96,1064,1974,2,0,139,recognition
2021-01-08,facebook,Discounts,True power,6101,32489,56337,2639,17,8364,discounts
2021-01-08,google,Brand,Improved,226,671,2491,0,0,361,recognition
2021-01-09,facebook,Discounts,True power,5363,47079,50994,708,30,4094,discounts
2021-01-10,facebook,Discounts,True power,1680,15045,9633,679,6,1586,discounts
2021-01-10,google,Discounts,True power,2707,3683,8074,765,6,4416,discounts
2021-01-11,facebook,Discounts,True power,2846,18584,33606,650,0,3244,discounts
2021-01-12,facebook,Brand,Improved,359,1062,1762,2,0,381,recognition
2021-01-12,facebook,Discounts,True power,13311,38693,30049,1656,18,21600,discounts
2021-01-12,google,Brand,Improved,297,1015,1375,4,0,473,recognition
2021-01-13,facebook,Brand,Improved,189,2693,928,1,0,220,recognition
2021-01-13,facebook,Discounts,True power,5097,28028,46286,1511,22,5221,discounts
2021-01-13,google,Brand,Improved,282,2814,1053,1,0,271,recognition
2021-01-13,google,Discounts,True power,10112,44611,57080,947,17,13833,discounts
2021-01-14,facebook,Brand,Improved,72,1035,1005,0,0,76,recognition
2021-01-14,google,Discounts,True power,3318,73978,27786,261,8,3570,discounts
2021-01-15,facebook,Brand,Improved,234,3137,2795,0,0,365,recognition
2021-01-15,facebook,Discounts,True power,7599,49150,61206,1180,9,13014,discounts
2021-01-16,facebook,Brand,Improved,186,980,2038,2,0,281,recognition
2021-01-16,facebook,Discounts,True power,12635,77416,61937,668,11,12104,discounts
2021-01-16,google,Brand,Improved,50,2154,1774,1,0,57,recognition
2021-01-16,google,Discounts,True power,3055,10579,67474,249,15,4486,discounts
2021-01-17,facebook,Discounts,True power,3666,38189,31780,903,20,5809,discounts
2021-01-17,google,Brand,Improved,41,728,1482,0,0,55,recognition
2021-01-17,google,Discounts,True power,7553,14118,36040,377,11,11109,discounts
2021-01-18,facebook,Brand,Improved,328,1597,861,0,0,360,recognition
2021-01-18,facebook,Discounts,True power,2735,27331,21430,124,3,2602,discounts
2021-01-18,google,Brand,Improved,58,1475,977,0,0,50,recognition
2021-01-18,google,Discounts,True power,752,17788,9621,227,9,677,discounts
2021-01-19,facebook,Brand,Improved,64,211,420,0,0,102,recognition
2021-01-19,facebook,Discounts,True power,1120,6891,13421,186,2,1402,discounts
2021-01-19,google,Brand,Improved,21,291,66,0,0,20,recognition
2021-01-20,facebook,Brand,Improved,311,1319,441,2,0,371,recognition
2021-01-20,facebook,Discounts,True power,1594,7279,6368,125,2,2648,discounts
2021-01-20,google,Brand,Improved,142,811,1215,1,0,111,recognition
2021-01-20,google,Discounts,True power,1267,8527,7018,179,4,1414,discounts
2021-01-21,facebook,Brand,Improved,218,1483,1209,0,0,287,recognition
2021-01-21,facebook,Discounts,True power,1548,4956,10440,202,5,2510,discounts
2021-01-21,google,Discounts,True power,1791,9879,9560,69,3,1522,discounts
2021-01-22,facebook,Brand,Improved,136,3088,1572,0,0,215,recognition
2021-01-22,facebook,Discounts,True power,2078,5850,10696,220,3,3386,discounts
2021-01-22,google,Brand,Improved,58,684,493,0,0,45,recognition
2021-01-22,google,Discounts,True power,1755,1661,3526,199,4,1415,discounts
2021-01-23,facebook,Discounts,True power,711,12488,6546,176,4,710,discounts
2021-01-23,google,Brand,Improved,235,541,629,0,0,176,recognition
2021-01-24,facebook,Brand,Improved,8,113,38,0,0,13,recognition
2021-01-24,facebook,Discounts,True power,2177,9548,2546,178,4,2323,discounts
2021-01-24,google,Brand,Improved,21,126,61,0,0,19,recognition
2021-01-24,google,Discounts,True power,2295,2122,6227,173,5,2930,discounts
2021-01-25,facebook,Discounts,True power,1413,7923,7487,180,3,2405,discounts
2021-01-25,google,Discounts,True power,1278,1398,2173,222,2,1449,discounts
2021-01-26,facebook,Brand,Research,144,6151,3968,3,0,136,бренд
2021-01-26,facebook,Discounts,True power,1843,8760,5155,98,1,1534,discounts
2021-01-27,facebook,Brand,Reach 2,168,7306,1499,1,0,210,recognition
2021-01-27,facebook,Brand,Research,553,1722,4932,7,0,608,бренд
2021-01-27,facebook,Discounts,True power,1878,4880,2741,116,2,1956,discounts
2021-01-28,facebook,Brand,Research,109,2361,2235,3,0,110,бренд
2021-01-28,facebook,Discounts,True power,2736,11447,3090,113,2,2850,discounts
2021-01-28,google,Discounts,True power,394,7294,1118,103,3,484,discounts
2021-01-29,facebook,Discounts,True power,996,8466,9716,144,1,1282,discounts
2021-01-30,google,Discounts,True power,2077,3945,3919,96,4,3310,discounts
2021-01-31,facebook,Discounts,True power,1278,6206,5319,95,1,1261,discounts
2021-01-31,google,Discounts,True power,1269,4975,3145,56,1,1379,discounts
2021-02-01,facebook,Discounts,True power,2800,10775,7184,130,2,2627,discounts
2021-02-01,google,Discounts,True power,2096,5491,5994,42,2,2608,discounts
2021-02-02,facebook,Discounts,True power,2869,1813,3645,97,0,3825,discounts
2021-02-02,google,Discounts,True power,829,2051,2007,99,4,1129,discounts
2021-02-03,facebook,Discounts,True power,735,1308,3370,107,2,1155,discounts
2021-02-03,google,Discounts,True power,817,3434,1577,18,2,1049,discounts
2021-02-04,facebook,Discounts,True power,708,3016,2199,48,4,947,discounts
2021-02-04,google,Discounts,True power,2156,10329,6699,58,1,3050,discounts
2021-02-05,facebook,Discounts,True power,1075,1784,10959,176,2,887,discounts
2021-02-05,google,Discounts,True power,1286,9265,5596,183,2,1244,discounts
2021-02-06,facebook,Discounts,True power,1226,5852,8336,242,2,1290,discounts
2021-02-06,google,Discounts,True power,1544,9120,6791,60,3,1202,discounts
2021-02-07,facebook,Discounts,True power,789,3931,7914,73,0,898,discounts
2021-02-08,facebook,Discounts,True power,596,4919,2040,124,4,635,discounts
2021-02-08,google,Discounts,True power,516,6553,4221,102,3,660,discounts
2021-02-09,facebook,Discounts,True power,585,6840,7838,153,2,864,discounts
2021-02-09,google,Discounts,True power,2156,5955,6173,39,5,2342,discounts
2021-02-10,facebook,Discounts,True power,2410,6428,2361,110,1,3321,discounts
2021-02-10,google,Discounts,True power,1947,5405,7525,109,2,2178,discounts
2021-02-11,facebook,Discounts,True power,1053,6239,5164,66,1,1683,discounts
2021-02-12,facebook,Discounts,True power,1432,3761,2545,110,3,2372,discounts
2021-02-12,google,Discounts,True power,1570,3492,795,21,1,1603,discounts
2021-02-13,facebook,Discounts,True power,2884,7366,7156,54,0,3243,discounts
2021-02-13,google,Discounts,True power,799,4060,3098,101,3,677,discounts
2021-02-14,facebook,Discounts,True power,2791,3591,6311,40,4,3363,discounts
2021-02-14,google,Discounts,True power,1974,2776,7245,126,3,3246,discounts
2021-02-15,facebook,Discounts,True power,2153,9526,9443,117,4,2416,discounts
2021-02-15,google,Discounts,True power,1158,8654,8336,59,5,1501,discounts
2021-02-16,facebook,Discounts,True power,2225,7960,1517,47,4,3175,discounts
2021-02-17,facebook,Discounts,True power,639,9268,7875,109,2,585,discounts
2021-02-17,google,Discounts,True power,1979,4594,3196,127,0,2036,discounts
2021-02-18,facebook,Discounts,True power,1879,1704,1806,158,1,2575,discounts
2021-02-18,google,Discounts,True power,2305,5823,3322,90,4,2010,discounts
2021-02-19,facebook,Brand,Spotlight,82,17157,21826,4,0,130,бренд
2021-02-19,facebook,Discounts,True power,2044,12933,11660,258,1,1841,discounts
2021-02-20,facebook,Brand,Spotlight,162,16058,15804,6,0,222,бренд
2021-02-20,facebook,Discounts,True power,4631,3653,5043,244,5,5763,discounts
2021-02-20,google,Discounts,True power,3562,9250,12151,128,1,5614,discounts
2021-02-21,facebook,Brand,Spotlight,168,3775,10172,8,0,142,бренд
2021-02-21,facebook,Discounts,True power,3835,6287,5677,445,7,6298,discounts
2021-02-22,facebook,Brand,Spotlight,184,3679,7337,0,0,169,бренд
2021-02-22,facebook,Discounts,True power,5427,13680,21801,420,10,7128,discounts
2021-02-22,google,Discounts,True power,5231,11383,7439,488,0,8090,discounts
2021-02-23,facebook,Discounts,True power,3319,12352,4481,147,2,3434,discounts
2021-02-24,facebook,Discounts,True power,5620,14526,13650,99,5,6609,discounts
2021-02-24,google,Discounts,True power,1948,8640,6633,110,0,1332,discounts
2021-02-25,facebook,Discounts,True power,3190,3030,8199,213,1,4706,discounts
2021-02-25,google,Discounts,True power,1479,9576,9023,23,2,1710,discounts
2021-02-27,facebook,Discounts,True power,0,0,0,0,0,0,discounts
2021-02-27,google,Discounts,True power,0,0,0,0,0,0,discounts
2021-02-28,facebook,Discounts,True power,0,0,0,0,0,0,discounts
2021-02-28,google,Discounts,True power,0,0,0,0,0,0,discounts
2021-03-05,facebook,Brand,Reach 2,749,27963,4709,5,0,1227,recognition
2021-03-06,facebook,Brand,Reach 2,1025,7098,18519,6,0,1195,recognition
2021-03-07,facebook,Brand,Reach 2,649,7067,14136,4,0,876,recognition
2021-03-09,facebook,Brand,Reach 2,510,10350,24548,22,0,560,recognition
2021-03-10,facebook,Brand,Reach 2,702,7257,4653,4,0,590,recognition
2021-03-11,facebook,Brand,Reach 2,920,25174,11294,10,0,1219,recognition
2021-03-12,facebook,Brand,Reach 2,832,15034,13549,1,0,872,recognition
2021-03-13,facebook,Brand,Reach 2,81,3616,5366,0,0,138,recognition
2021-04-07,facebook,Brand,Reach 4,71,1355,1280,3,0,104,recognition
2021-04-08,facebook,Brand,Reach 3,569,1039,2713,6,0,911,recognition
2021-04-08,facebook,Brand,Reach 4,326,3744,1847,10,0,298,recognition
2021-04-09,facebook,Brand,Reach 3,322,4732,4555,3,0,473,recognition
2021-04-09,facebook,Brand,Reach 4,86,2117,1545,0,0,127,recognition
2021-04-10,facebook,Brand,Reach 3,270,1520,558,5,0,243,recognition
2021-04-10,facebook,Brand,Reach 4,211,1230,3155,6,0,171,recognition
2021-04-14,facebook,Electronics,Narrow,4333,65315,26964,619,7,6973,discounts
2021-04-14,google,Electronics,Narrow,13935,29068,32250,348,10,10232,discounts
2021-04-15,facebook,Electronics,Narrow,5443,24029,37158,507,10,5207,discounts
2021-04-15,google,Electronics,Narrow,3288,39029,42201,424,7,2215,discounts
2021-04-16,facebook,Electronics,Narrow,8602,24930,24315,379,7,6975,discounts
2021-04-16,google,Electronics,Narrow,8969,26418,15987,395,2,13380,discounts
2021-04-17,facebook,Electronics,Narrow,6244,30333,9279,146,1,6210,discounts
2021-04-18,facebook,Electronics,Narrow,6705,48260,56003,336,3,8993,discounts
2021-04-18,google,Electronics,Narrow,12835,35800,37535,380,6,8740,discounts
2021-04-19,facebook,Electronics,Narrow,16880,58723,47325,252,6,26813,discounts
2021-04-19,google,Electronics,Narrow,5962,47308,26299,427,2,5325,discounts
2021-04-20,facebook,Electronics,Narrow,17115,60798,17491,522,2,14059,discounts
2021-04-20,google,Electronics,Narrow,9720,13320,7425,450,0,10400,discounts
2021-04-21,facebook,Electronics,Narrow,8331,29609,24493,371,5,12490,discounts
2021-04-21,google,Electronics,Narrow,5284,36737,16729,447,7,3948,discounts
2021-04-22,facebook,Electronics,Narrow,12584,37979,14110,435,2,16618,discounts
2021-04-22,google,Electronics,Narrow,3037,4045,22306,403,1,4868,discounts
2021-04-23,google,Electronics,Narrow,5111,26342,31821,65,2,3797,discounts
2021-04-24,facebook,Electronics,Narrow,7372,42140,18776,120,6,6511,discounts
2021-04-24,facebook,Promos,Parents,1139,8829,3956,68,1,1237,discounts
2021-04-25,facebook,Electronics,Narrow,12020,33747,41282,64,2,17466,discounts
2021-04-25,facebook,Promos,Parents,2043,3315,6646,135,0,4755,discounts
2021-04-25,google,Promos,Parents,2933,8121,6748,48,2,4221,discounts
2021-04-26,facebook,Electronics,Narrow,16996,51159,29680,100,0,27851,discounts
2021-04-26,facebook,Promos,Parents,2327,15496,4822,18,1,3003,discounts
2021-04-26,google,Electronics,Narrow,5155,24984,20334,242,9,5779,discounts
2021-04-26,google,Promos,Parents,616,6324,10812,47,1,756,discounts
2021-04-27,facebook,Promos,Parents,1307,4808,9733,18,1,2917,discounts
2021-04-27,google,Electronics,Narrow,9524,12684,29647,264,4,9655,discounts
2021-04-28,facebook,Promos,Parents,1742,6041,3421,56,1,1853,discounts
2021-04-28,google,Electronics,Narrow,5422,42275,5693,59,2,4154,discounts
2021-04-29,facebook,Promos,Parents,446,8664,7638,28,1,590,discounts
2021-04-29,google,Promos,Parents,1834,4658,5910,39,1,1801,discounts
2021-04-30,facebook,Electronics,Narrow,3496,49608,9966,257,2,4105,discounts
2021-04-30,facebook,Promos,Parents,2006,9090,7790,31,0,4588,discounts
2021-04-30,google,Promos,Parents,973,12451,2857,21,1,1265,discounts
2021-05-01,facebook,Electronics,Narrow,8269,22655,40444,253,0,11305,discounts
2021-05-01,facebook,Promos,Parents,1985,9767,10211,51,1,4233,discounts
2021-05-01,google,Electronics,Narrow,8618,53355,42226,119,5,10548,discounts
2021-05-02,facebook,Electronics,Narrow,3104,69902,38153,289,4,3070,discounts
2021-05-02,google,Electronics,Narrow,14829,13369,27461,194,8,23858,discounts
2021-05-02,google,Promos,Parents,1894,7099,1097,49,0,2937,discounts
2021-05-03,facebook,Electronics,Narrow,11782,74494,44862,230,1,19255,discounts
2021-05-03,facebook,Promos,Parents,474,11315,3827,63,1,929,discounts
2021-05-03,google,Electronics,Narrow,1814,44455,16984,444,1,1833,discounts
2021-05-03,google,Promos,Parents,1155,5737,4508,91,0,795,discounts
2021-05-04,facebook,Electronics,Narrow,13898,17095,38104,491,2,14815,discounts
2021-05-04,google,Electronics,Narrow,3604,35246,11657,130,4,4209,discounts
2021-05-05,facebook,Electronics,Narrow,6610,31588,26187,211,1,9346,discounts
2021-05-05,facebook,Promos,Parents,723,2792,11984,37,1,906,discounts
2021-05-05,google,Electronics,Narrow,5553,62226,40817,125,1,8318,discounts
2021-05-06,facebook,Electronics,Narrow,8864,48172,22421,78,9,14437,discounts
2021-05-06,google,Electronics,Narrow,6946,39675,33004,103,3,6426,discounts
2021-05-06,google,Promos,Parents,2396,2182,6064,34,1,2133,discounts
2021-05-07,facebook,Electronics,Narrow,12384,53440,19655,412,3,13326,discounts
2021-05-07,facebook,Promos,Parents,1143,11992,8810,69,1,2481,discounts
2021-05-07,google,Electronics,Narrow,6218,50408,18231,124,6,4058,discounts
2021-05-07,google,Promos,Parents,910,12432,2154,15,1,1442,discounts
2021-05-08,facebook,Electronics,Narrow,17684,63243,40366,356,7,23943,discounts
2021-05-08,facebook,Promos,Parents,1539,6175,13844,36,1,2224,discounts
2021-05-08,google,Electronics,Narrow,4625,23553,8344,172,3,6632,discounts
2021-05-08,google,Promos,Parents,2494,9121,6052,65,1,3872,discounts
2021-05-09,facebook,Electronics,Narrow,7983,42770,33905,138,3,13366,discounts
2021-05-09,facebook,Promos,Parents,2264,10717,11166,33,1,3698,discounts
2021-05-09,google,Promos,Parents,1640,7187,9522,53,0,1217,discounts
2021-05-10,facebook,Electronics,Narrow,13986,29230,25881,323,4,14845,discounts
2021-05-10,facebook,Promos,Parents,2381,6669,4178,26,2,3796,discounts
2021-05-10,google,Electronics,Narrow,3319,49431,8680,83,7,5057,discounts
2021-05-10,google,Promos,Parents,2404,3057,3124,34,2,3656,discounts
2021-05-11,facebook,Electronics,Narrow,8447,51489,27212,97,4,8448,discounts
2021-05-11,facebook,Promos,Parents,1526,5442,3219,61,1,3129,discounts
2021-05-11,google,Electronics,Narrow,4389,6261,12566,271,6,4003,discounts
2021-05-12,facebook,Electronics,Narrow,16978,36296,13179,157,9,15421,discounts
2021-05-12,facebook,New items,Development,1371,2506,4958,26,0,1549,
2021-05-12,facebook,Promos,Parents,2322,11419,3914,51,0,3203,discounts
2021-05-12,google,Electronics,Narrow,13610,27227,42442,372,3,12730,discounts
2021-05-12,google,New items,Development,554,2227,2736,84,2,385,
2021-05-12,google,Promos,Parents,1521,6100,7284,33,0,2109,discounts
2021-05-13,facebook,Electronics,Narrow,14539,14178,27961,289,2,20553,discounts
2021-05-13,facebook,New items,Development,572,12187,11233,133,3,889,
2021-05-13,facebook,Promos,Parents,720,11236,5292,82,1,1310,discounts
2021-05-13,google,New items,Development,2360,3918,5813,108,0,1853,
2021-05-13,google,Promos,Parents,1705,6801,6200,26,2,1540,discounts
2021-05-14,facebook,Electronics,Narrow,8283,49061,9751,241,3,6294,discounts
2021-05-14,facebook,Lookalike,Broad,7195,15409,14542,353,7,11408,you_might_like
2021-05-14,facebook,Lookalike,Broad new,2573,6934,14329,77,2,2229,you_might_like
2021-05-14,facebook,New items,Development,972,3973,6806,70,3,1476,
2021-05-14,facebook,Promos,Parents,2044,3982,10648,52,1,4704,discounts
2021-05-15,facebook,Electronics,Narrow,937,7384,6809,43,0,963,discounts
2021-05-15,facebook,Lookalike,Broad,10380,8024,18761,206,10,15299,you_might_like
2021-05-15,facebook,Lookalike,Broad new,1098,892,515,13,1,1082,you_might_like
2021-05-15,facebook,Promos,Parents,2284,10127,4653,41,0,3394,discounts
2021-05-15,google,Promos,Parents,1670,7374,8499,59,2,2626,discounts
2021-05-16,facebook,Lookalike,Broad,13350,57090,24060,741,8,19085,you_might_like
2021-05-16,facebook,Lookalike,Broad new,891,3125,1527,20,1,1098,you_might_like
2021-05-16,facebook,New items,Development,2344,7986,12367,223,0,2958,
2021-05-16,facebook,Promos,Parents,1779,10720,12319,81,1,3663,discounts
2021-05-16,google,New items,Development,2635,6393,8389,257,4,1892,
2021-05-16,google,Promos,Parents,1359,11602,6059,71,0,1722,discounts
2021-05-17,facebook,Electronics,Narrow,1546,3529,9380,30,1,2089,discounts
2021-05-17,facebook,Lookalike,Broad,12972,58320,85830,668,24,12902,you_might_like
2021-05-17,facebook,Lookalike,Broad new,1864,4388,2503,79,3,2482,you_might_like
2021-05-17,facebook,New items,Development,4047,18038,11298,194,1,4684,
2021-05-17,facebook,Promos,Parents,1771,6396,13380,44,2,4041,discounts
2021-05-17,google,Electronics,Narrow,517,7465,3748,20,0,820,discounts
2021-05-17,google,New items,Development,3654,5858,10950,26,2,4686,
2021-05-17,google,Promos,Parents,968,2856,6144,65,0,738,discounts
2021-05-18,facebook,Electronics,Narrow,3219,6116,5998,60,1,3798,discounts
2021-05-18,facebook,Lookalike,Broad,24562,82442,73707,1308,5,31156,you_might_like
2021-05-18,facebook,Lookalike,Broad new,1235,6326,1751,71,2,1945,you_might_like
2021-05-18,facebook,New items,Development,1604,7497,7696,122,2,1633,
2021-05-18,google,Electronics,Narrow,836,6243,4899,48,1,1302,discounts
2021-05-19,facebook,Electronics,Narrow,1730,10065,2471,50,1,2519,discounts
2021-05-19,facebook,Lookalike,Broad,44079,82030,62641,1769,34,72548,you_might_like
2021-05-19,facebook,Lookalike,Broad new,3736,9495,8845,110,2,4270,you_might_like
2021-05-19,facebook,New items,Development,2529,2884,8045,103,2,4240,
2021-05-19,facebook,Promos,Parents,1837,3838,2315,19,0,2133,discounts
2021-05-19,google,New items,Development,2068,8922,3092,42,1,2215,
2021-05-19,google,Promos,Parents,402,8784,4187,39,1,449,discounts
2021-05-20,facebook,Electronics,Narrow,1484,3164,4509,68,2,1618,discounts
2021-05-20,facebook,Lookalike,Broad,55657,258934,73683,3555,67,86550,you_might_like
2021-05-20,facebook,New items,Development,3376,10265,1820,50,1,4670,
2021-05-20,facebook,Promos,Parents,1064,3669,2459,63,2,2116,discounts
2021-05-20,google,Electronics,Narrow,2503,2014,2222,28,0,2713,discounts
2021-05-20,google,New items,Development,2516,2222,9561,77,1,4146,
2021-05-21,facebook,Electronics,Narrow,774,3002,6037,43,1,893,discounts
2021-05-21,facebook,Lookalike,Broad new,14863,23602,27771,189,10,18594,you_might_like
2021-05-21,facebook,New items,Development,589,6217,11337,36,1,716,
2021-05-21,facebook,Promos,Parents,715,8703,8504,23,1,753,discounts
2021-05-21,google,Electronics,Narrow,2623,3655,5066,64,1,3100,discounts
2021-05-21,google,New items,Development,467,4924,5150,113,2,623,
2021-05-21,google,Promos,Parents,1187,4852,3541,31,0,1719,discounts
2021-05-22,facebook,Electronics,Narrow,782,5198,7053,39,1,690,discounts
2021-05-22,facebook,Lookalike,Broad,50590,240553,441057,5949,40,43959,you_might_like
2021-05-22,facebook,New items,Development,1733,8342,3135,61,3,2902,
2021-05-22,facebook,Promos,Parents,1807,2361,5112,47,0,3015,discounts
2021-05-22,google,New items,Development,1760,6878,5704,13,3,1185,
2021-05-22,google,Promos,Parents,2171,6878,1945,57,1,2072,discounts
2021-05-23,facebook,Electronics,Narrow,3367,8193,11970,64,1,4389,discounts
2021-05-23,facebook,Lookalike,Broad,62917,363089,174971,5873,41,75047,you_might_like
2021-05-23,facebook,Lookalike,Broad new,11992,32332,7653,326,16,13388,you_might_like
2021-05-23,facebook,New items,Development,902,3322,7845,139,2,1007,
2021-05-23,google,Electronics,Narrow,1594,10716,5161,27,1,2472,discounts
2021-05-23,google,New items,Development,1369,10115,6479,57,1,1100,
2021-05-23,google,Promos,Parents,2060,7712,1972,52,2,1632,discounts
2021-05-24,facebook,Electronics,Narrow,3041,8893,11182,48,1,4492,discounts
2021-05-24,facebook,Lookalike,Broad new,14392,16209,34512,182,2,19693,you_might_like
2021-05-24,facebook,New items,Development,1150,11829,11821,168,4,1218,
2021-05-24,facebook,Promos,Parents,463,2821,8143,65,1,694,discounts
2021-05-24,google,New items,Development,588,5048,7871,53,4,672,
2021-05-24,google,Promos,Parents,1713,5886,11690,57,1,2189,discounts
2021-05-25,facebook,Electronics,Narrow,2093,2746,4552,28,2,3364,discounts
2021-05-25,facebook,Lookalike,Broad,120462,336748,276077,1885,122,186128,you_might_like
2021-05-25,facebook,Lookalike,Broad new,4299,11922,29173,370,10,6487,you_might_like
2021-05-25,facebook,New items,Development,3490,13454,4168,265,6,3852,
2021-05-25,facebook,Promos,Parents,1385,3987,7056,31,1,3251,discounts
2021-05-25,google,Electronics,Narrow,2597,6521,2762,29,0,1791,discounts
2021-05-25,google,New items,Development,1082,9237,9209,124,3,1709,
2021-05-25,google,Promos,Parents,1126,2237,6130,19,0,1776,discounts
2021-05-26,facebook,Lookalike,Broad,20438,278525,205265,1346,124,28580,you_might_like
2021-05-26,facebook,Lookalike,Broad new,20035,18828,41948,256,1,19230,you_might_like
2021-05-26,facebook,Promos,Parents,1038,11022,7789,73,1,2030,discounts
2021-05-26,google,Electronics,Narrow,2233,1140,7077,78,2,2107,discounts
2021-05-26,google,New items,Development,3966,12088,3245,61,5,2974,
2021-05-26,google,Promos,Parents,2987,4422,2753,15,1,3082,discounts
2021-05-27,facebook,Electronics,Narrow,643,9326,4896,57,1,617,discounts
2021-05-27,facebook,Lookalike,Broad new,5642,16169,31062,226,8,5698,you_might_like
2021-05-27,facebook,New items,Development,3635,9739,10731,51,3,3798,
2021-05-27,facebook,Promos,Parents,1157,5419,7691,145,2,1209,discounts
2021-05-27,google,Electronics,Narrow,2145,4137,5141,33,1,2777,discounts
2021-05-27,google,Promos,Parents,739,1755,7229,69,2,1138,discounts
2021-05-28,facebook,Electronics,Narrow,3182,4498,4213,76,2,2666,discounts
2021-05-28,facebook,Lookalike,Broad new,8524,12656,10388,62,2,8011,you_might_like
2021-05-28,facebook,New items,Development,3183,13055,14712,175,2,2800,
2021-05-28,facebook,Promos,Parents,718,9411,7726,37,1,1648,discounts
2021-05-28,google,Electronics,Narrow,2529,4866,4292,52,0,2827,discounts
2021-05-28,google,New items,Development,2929,14414,6401,191,0,3474,
2021-05-28,google,Promos,Parents,1309,8096,7071,26,0,2054,discounts
2021-05-29,facebook,Electronics,Narrow,1578,6617,6699,50,1,1545,discounts
2021-05-29,facebook,Lookalike,Broad,85392,316249,252057,810,23,147237,you_might_like
2021-05-29,facebook,Lookalike,Broad new,2178,16676,14139,247,2,3128,you_might_like
2021-05-29,facebook,New items,Development,3824,2933,9680,157,3,5515,
2021-05-29,facebook,Promos,Parents,802,5410,2253,28,0,1574,discounts
2021-05-29,google,New items,Development,3056,8650,6190,132,5,4832,
2021-05-29,google,Promos,Parents,992,6719,1364,23,1,1415,discounts
2021-05-30,facebook,Electronics,Narrow,3343,3406,2543,69,1,4367,discounts
2021-05-30,facebook,Lookalike,Broad,113474,412283,147626,3879,107,166935,you_might_like
2021-05-30,facebook,Lookalike,Broad new,10111,44198,13809,614,5,12336,you_might_like
2021-05-30,facebook,New items,Development,4780,16320,11125,297,3,7810,
2021-05-30,facebook,Promos,Parents,2014,13066,5818,66,0,4059,discounts
2021-05-30,google,Electronics,Narrow,861,9649,1385,52,1,926,discounts
2021-05-30,google,New items,Development,1930,6276,14215,44,1,1708,
2021-05-30,google,Promos,Parents,2838,8812,9377,73,2,2409,discounts
2021-05-31,facebook,Electronics,Narrow,1515,8234,9864,99,2,1343,discounts
2021-05-31,facebook,Lookalike,Broad,34797,349247,431840,4779,95,38087,you_might_like
2021-05-31,facebook,Lookalike,Broad new,11863,46965,55241,700,9,17646,you_might_like
2021-05-31,facebook,New items,Development,2437,7527,3764,218,1,3199,
2021-05-31,google,Electronics,Narrow,378,6419,3442,59,0,343,discounts
2021-05-31,google,New items,Development,2170,5960,7238,61,5,2204,
2021-05-31,google,Promos,Parents,1661,2207,3419,106,2,1733,discounts
2021-06-01,facebook,Brand,Reach 2,1167,5621,9359,4,0,1877,recognition
2021-06-01,facebook,Electronics,Narrow,1291,11018,11076,49,2,1269,discounts
2021-06-01,facebook,Lookalike,Broad new,25253,70366,10817,935,5,37154,you_might_like
2021-06-01,facebook,New items,Development,881,16019,14972,315,2,1346,
2021-06-01,google,Promos,Parents,1346,2186,12943,66,1,1199,discounts
2021-06-02,facebook,Brand,Reach 2,289,10249,17312,2,0,380,recognition
2021-06-02,facebook,Electronics,Narrow,1998,10097,5597,25,1,1865,discounts
2021-06-02,facebook,Lookalike,Broad,53767,269728,241105,3507,22,58278,you_might_like
2021-06-02,facebook,Lookalike,Broad new,23339,50106,39349,170,16,21374,you_might_like
2021-06-02,facebook,New items,Development,4343,16026,15587,139,2,6613,
2021-06-02,facebook,Promos,Parents,3427,11981,7769,200,1,5012,discounts
2021-06-02,google,New items,Development,3641,10281,2504,100,6,4108,
2021-06-02,google,Promos,Parents,2603,3954,15082,146,4,3613,discounts
2021-06-03,facebook,Electronics,Narrow,1271,4978,6266,18,2,1972,discounts
2021-06-03,facebook,Lookalike,Broad,14619,186845,138761,468,46,24158,you_might_like
2021-06-03,facebook,Lookalike,Broad new,6995,37642,35633,95,9,6187,you_might_like
2021-06-03,facebook,New items,Development,2847,5439,3379,136,2,2434,
2021-06-03,facebook,Promos,Parents,1229,18060,14883,56,1,1525,discounts
2021-06-03,google,Electronics,Narrow,644,4648,1915,80,2,619,discounts
2021-06-03,google,New items,Development,1892,10811,2273,265,1,2166,
2021-06-03,google,Promos,Parents,3530,3253,12827,57,1,4364,discounts
2021-06-04,facebook,Electronics,Narrow,555,5910,6726,42,0,880,discounts
2021-06-04,facebook,Lookalike,Broad,64752,114513,183715,1571,56,101946,you_might_like
2021-06-04,facebook,Lookalike,Broad new,13847,26565,13671,219,8,23772,you_might_like
2021-06-04,facebook,Promos,Parents,2014,14192,15168,54,0,3921,discounts
2021-06-04,google,Electronics,Narrow,348,8395,8133,42,0,312,discounts
2021-06-04,google,New items,Development,2533,7616,5858,175,0,3793,
2021-06-04,google,Promos,Parents,3956,11149,15909,110,2,5697,discounts
2021-06-05,facebook,Brand,Reach 2,303,26022,20613,6,0,502,recognition
2021-06-05,facebook,Electronics,Narrow,2551,4960,4793,32,0,2337,discounts
2021-06-05,facebook,Lookalike,Broad,23631,64736,99347,937,32,31335,you_might_like
2021-06-05,facebook,Lookalike,Broad new,15630,14652,30954,360,9,22149,you_might_like
2021-06-05,facebook,New items,Development,1287,6174,6088,168,0,1355,
2021-06-05,facebook,Promos,Parents,985,9599,13468,126,3,2020,discounts
2021-06-05,google,Electronics,Narrow,1437,5463,1394,11,1,1617,discounts
2021-06-05,google,Promos,Parents,3648,18849,16979,29,1,2799,discounts
2021-06-06,facebook,Brand,Reach 2,1189,7320,25414,3,0,1884,recognition
2021-06-06,facebook,Electronics,Narrow,3246,2159,4573,44,1,4844,discounts
2021-06-06,facebook,Lookalike,Broad,15331,147252,116733,305,35,15470,you_might_like
2021-06-06,facebook,New items,Development,3105,6782,2577,174,4,5341,
2021-06-06,facebook,Promos,Parents,1846,13903,7424,95,0,3063,discounts
2021-06-06,google,Electronics,Narrow,2285,8129,1323,45,0,2168,discounts
2021-06-06,google,New items,Development,789,2879,6656,178,1,1037,
2021-06-06,google,Promos,Parents,4704,16093,4624,125,1,3733,discounts
2021-06-07,facebook,Brand,Reach 2,62,5179,1200,5,0,69,recognition
2021-06-07,facebook,Electronics,Narrow,1847,2556,6586,75,1,2467,discounts
2021-06-07,facebook,Lookalike,Broad,40043,50713,42920,1585,5,62999,you_might_like
2021-06-07,facebook,Lookalike,Broad new,7377,3574,4101,81,0,5793,you_might_like
2021-06-07,facebook,New items,Development,1755,14620,11447,109,2,2580,
2021-06-07,facebook,Promos,Parents,2088,4803,22053,191,0,4667,discounts
2021-06-07,google,Electronics,Narrow,1891,4706,5751,77,1,1784,discounts
2021-06-08,facebook,Brand,Reach 2,710,18363,6860,1,0,998,recognition
2021-06-08,facebook,Electronics,Narrow,2917,1798,9931,24,0,4293,discounts
2021-06-08,facebook,Lookalike,Broad new,4580,9165,5619,152,5,4089,you_might_like
2021-06-08,facebook,New items,Development,2441,10234,5394,197,4,2517,
2021-06-08,facebook,New items,Presents,533,2985,3160,36,0,697,presents
2021-06-08,facebook,Promos,Parents,1463,18685,8688,75,1,1871,discounts
2021-06-08,google,Electronics,Narrow,444,8739,5895,16,1,641,discounts
2021-06-08,google,Promos,Parents,5319,12539,8240,121,3,8678,discounts
2021-06-09,facebook,Brand,Reach 2,1281,19204,18046,8,0,2051,recognition
2021-06-09,facebook,Crazy discounts,Improvement,868,8449,8396,22,0,1404,
2021-06-09,facebook,Electronics,Narrow,1390,3682,6556,72,1,1888,discounts
2021-06-09,facebook,Lookalike,Broad,43743,132845,32622,1475,23,60772,you_might_like
2021-06-09,facebook,Lookalike,Broad new,3989,14017,8763,170,3,6506,you_might_like
2021-06-09,facebook,New items,Development,2512,10877,5268,105,2,2948,
2021-06-09,facebook,Promos,Parents,729,4621,7364,77,0,1630,discounts
2021-06-09,google,Crazy discounts,Improvement,548,6342,4468,36,0,708,
2021-06-09,google,Electronics,Narrow,774,1177,2655,58,2,1134,discounts
2021-06-09,google,New items,Development,1093,9208,1473,220,0,1063,
2021-06-09,google,Promos,Parents,3137,11974,6280,102,1,3943,discounts
2021-06-10,facebook,Brand,Reach 2,1167,20009,29811,1,0,1824,recognition
2021-06-10,facebook,Crazy discounts,Improvement,1081,8585,2563,227,4,1010,
2021-06-10,facebook,Electronics,Narrow,543,3429,9639,21,1,746,discounts
2021-06-10,facebook,Lookalike,Broad,19358,52079,53427,488,5,32627,you_might_like
2021-06-10,facebook,Lookalike,Broad new,890,3815,3360,191,4,742,you_might_like
2021-06-10,facebook,New items,Development,824,14128,13549,97,5,1271,
2021-06-10,facebook,New items,Presents,726,3295,1313,104,1,1070,presents
2021-06-10,facebook,Promos,Parents,3682,17872,4361,91,0,8261,discounts
2021-06-10,google,Crazy discounts,Improvement,848,3613,4344,139,5,737,
2021-06-10,google,Electronics,Narrow,1642,8289,7394,72,2,2701,discounts
2021-06-10,google,New items,Presents,1056,2184,3112,122,2,1177,presents
2021-06-10,google,Promos,Parents,1598,14188,11359,103,1,1879,discounts
2021-06-11,facebook,Brand,Reach 2,226,11641,10738,3,0,278,recognition
2021-06-11,facebook,Crazy discounts,Improvement,102,10480,1829,21,0,82,
2021-06-11,facebook,Electronics,Narrow,2328,7293,2007,84,0,3376,discounts
2021-06-11,facebook,Lookalike,Broad,37493,117699,52093,670,29,53751,you_might_like
2021-06-11,facebook,Lookalike,Broad new,7055,10701,13776,95,5,10158,you_might_like
2021-06-11,facebook,New items,Development,4484,15764,8242,66,1,6847,
2021-06-11,facebook,New items,Presents,2568,9048,5564,68,2,3776,presents
2021-06-11,facebook,Promos,Parents,2665,10421,8187,124,2,4651,discounts
2021-06-11,google,Crazy discounts,Improvement,84,4621,7213,45,1,112,
2021-06-11,google,Electronics,Narrow,2941,5675,7469,40,1,3669,discounts
2021-06-11,google,Promos,Parents,3930,14899,4290,67,0,5359,discounts
2021-06-12,facebook,Brand,Reach 2,149,8688,10204,5,0,155,recognition
2021-06-12,facebook,Crazy discounts,Improvement,488,7807,14838,107,1,662,
2021-06-12,facebook,Electronics,Narrow,1114,3269,6774,71,0,1568,discounts
2021-06-12,facebook,Lookalike,Broad,26544,79444,66578,402,20,20599,you_might_like
2021-06-12,facebook,Lookalike,Broad new,2409,4156,18210,82,0,1853,you_might_like
2021-06-12,facebook,New items,Development,3331,10194,6971,170,0,3878,
2021-06-12,facebook,New items,Presents,786,3440,3566,29,1,728,presents
2021-06-12,facebook,Promos,Parents,2154,4708,7608,20,3,2451,discounts
2021-06-12,google,Crazy discounts,Improvement,245,14479,13394,11,0,333,
2021-06-12,google,New items,Development,4069,1820,6563,60,1,6306,
2021-06-12,google,Promos,Parents,2317,2072,10854,46,0,2846,discounts
2021-06-13,facebook,Crazy discounts,Improvement,1206,22025,5686,114,1,1532,
2021-06-13,facebook,Electronics,Narrow,2914,4670,1535,41,1,2368,discounts
2021-06-13,facebook,Lookalike,Broad new,7781,3584,10382,273,4,9799,you_might_like
2021-06-13,facebook,New items,Development,3828,2385,8526,182,2,6135,
2021-06-13,facebook,New items,Presents,1877,7135,5833,61,1,3235,presents
2021-06-13,facebook,Promos,Parents,1473,5307,8562,47,2,2296,discounts
2021-06-13,google,Crazy discounts,Improvement,1761,23692,22907,70,1,2470,
2021-06-13,google,New items,Development,547,13296,9341,268,3,668,
2021-06-14,facebook,Crazy discounts,Improvement,961,8386,4305,264,4,1197,
2021-06-14,facebook,Electronics,Narrow,684,7309,9026,47,0,968,discounts
2021-06-14,facebook,Lookalike,Broad,14565,103613,124378,1055,18,21814,you_might_like
2021-06-14,facebook,Lookalike,Broad new,4178,5502,7339,122,5,4130,you_might_like
2021-06-14,facebook,New items,Development,2297,10650,12341,69,5,2070,
2021-06-14,facebook,New items,Presents,805,1712,1996,11,0,635,presents
2021-06-14,facebook,Promos,Parents,2320,18837,4577,156,0,2707,discounts
2021-06-14,google,Crazy discounts,Improvement,1616,6904,1125,199,2,2158,
2021-06-14,google,New items,Development,3973,2915,5395,36,1,2926,
2021-06-14,google,Promos,Parents,2929,6994,2793,67,1,2306,discounts
2021-06-15,facebook,Lookalike,Broad,22344,46879,19376,1252,31,35948,you_might_like
2021-06-15,facebook,Lookalike,Broad new,1665,12259,7814,326,5,2093,you_might_like
2021-06-15,facebook,New items,Development,3444,14163,9401,92,4,5697,
2021-06-15,facebook,New items,Presents,0,0,0,0,0,0,presents
2021-06-15,facebook,Promos,Parents,5851,22773,20906,134,4,8225,discounts
2021-06-15,google,Crazy discounts,Improvement,2058,8933,14524,72,6,3289,
2021-06-15,google,Electronics,Narrow,381,6700,1655,92,2,407,discounts
2021-06-15,google,New items,Development,1955,6945,4536,42,2,2610,
2021-06-16,facebook,Crazy discounts,Improvement,1446,12042,8719,82,6,1909,
2021-06-16,facebook,Electronics,Narrow,3932,9058,5478,93,1,3971,discounts
2021-06-16,facebook,Lookalike,Broad,25858,36492,81027,1135,9,22795,you_might_like
2021-06-16,facebook,Lookalike,Broad new,1468,12590,9051,242,4,1769,you_might_like
2021-06-16,facebook,New items,Development,2709,6789,9524,50,6,2708,
2021-06-16,facebook,Promos,Parents,2509,27955,8694,216,0,4700,discounts
2021-06-16,google,Crazy discounts,Improvement,1181,8097,10451,240,2,1015,
2021-06-16,google,Electronics,Narrow,627,2297,4533,108,0,984,discounts
2021-06-16,google,Promos,Parents,6258,7727,9135,59,3,6314,discounts
2021-06-17,facebook,Crazy discounts,Improvement,1244,2765,8203,106,3,1135,
2021-06-17,facebook,Electronics,Narrow,1039,8622,6431,28,1,1769,discounts
2021-06-17,facebook,Lookalike,Broad,11923,50923,58475,1165,0,10823,you_might_like
2021-06-17,facebook,Lookalike,Broad new,1300,6003,8065,112,1,2116,you_might_like
2021-06-17,facebook,Promos,Parents,2136,13156,17464,220,0,3856,discounts
2021-06-17,facebook,Wholesale,Starting up,4242,6045,2323,97,0,5597,
2021-06-17,google,Crazy discounts,Improvement,1600,7145,6928,63,5,2567,
2021-06-17,google,Electronics,Narrow,832,3269,4740,82,0,596,discounts
2021-06-17,google,Promos,Parents,5533,25431,22358,213,1,6217,discounts
2021-06-17,google,Wholesale,Starting up,2752,2794,3227,18,0,4282,startup
2021-06-18,facebook,Crazy discounts,Improvement,2430,12846,4695,68,6,2931,
2021-06-18,facebook,Electronics,Narrow,1068,5318,4635,42,1,1289,discounts
2021-06-18,facebook,Lookalike,Broad,12522,69526,37134,1250,29,14285,you_might_like
2021-06-18,facebook,Lookalike,Broad new,4590,11592,9165,153,1,8008,you_might_like
2021-06-18,facebook,New items,Development,1699,19051,5666,308,6,1743,
2021-06-18,facebook,Promos,Parents,1902,8148,3865,168,2,4089,discounts
2021-06-18,facebook,Wholesale,Starting up,7971,12836,13967,199,2,10293,
2021-06-18,google,New items,Development,1070,18453,4088,148,1,734,
2021-06-18,google,Wholesale,Starting up,4671,12901,6143,216,1,6693,startup
2021-06-19,facebook,Crazy discounts,Improvement,1083,8790,15888,251,2,1545,
2021-06-19,facebook,Electronics,Narrow,1233,6808,7086,29,2,1329,discounts
2021-06-19,facebook,Lookalike,Broad,31420,138464,121116,972,19,54084,you_might_like
2021-06-19,facebook,Lookalike,Broad new,4757,7632,10693,96,4,5727,you_might_like
2021-06-19,facebook,New items,Development,1455,9548,13310,113,1,2303,
2021-06-19,facebook,Promos,Parents,1473,13207,5949,213,2,3466,discounts
2021-06-19,facebook,Wholesale,Starting up,8339,4644,7487,48,1,12688,
2021-06-19,google,Crazy discounts,Improvement,1882,6458,1598,182,2,2679,
2021-06-19,google,New items,Development,4107,4161,2411,54,4,4777,
2021-06-19,google,Promos,Parents,5924,17075,14467,22,4,9061,discounts
2021-06-19,google,Wholesale,Starting up,6088,7274,9916,176,0,8782,startup
2021-06-20,facebook,Crazy discounts,Improvement,1085,6741,20015,302,1,876,
2021-06-20,facebook,Electronics,Narrow,3070,7820,4249,76,2,5229,discounts
2021-06-20,facebook,Lookalike,Broad,8263,95809,142256,676,22,9218,you_might_like
2021-06-20,facebook,Lookalike,Broad new,1329,14734,13740,142,1,1024,you_might_like
2021-06-20,facebook,New items,Development,2652,17979,17111,280,5,3987,
2021-06-20,facebook,Promos,Parents,1647,24796,9180,277,3,1789,discounts
2021-06-20,facebook,Wholesale,Starting up,6077,16724,7691,171,2,9657,
2021-06-20,google,Electronics,Narrow,1037,1680,3397,40,1,1584,discounts
2021-06-20,google,Promos,Parents,5237,8865,10882,219,2,5456,discounts
2021-06-20,google,Wholesale,Starting up,1016,20068,21311,94,3,1430,startup
2021-06-21,facebook,Electronics,Narrow,2173,3232,5341,19,0,2341,discounts
2021-06-21,facebook,Lookalike,Broad,31521,158655,68312,1113,12,25936,you_might_like
2021-06-21,facebook,Lookalike,Broad new,2893,8802,9842,75,3,3854,you_might_like
2021-06-21,facebook,New items,Development,4903,6517,8972,347,1,5352,
2021-06-21,facebook,Wholesale,Interests,1441,6589,2990,33,1,1744,hobby
2021-06-21,facebook,Wholesale,Starting up,3109,4093,9361,52,2,4723,
2021-06-21,facebook,Wholesale,Wide,1207,784,1517,4,0,1627,cheap
2021-06-21,google,Crazy discounts,Improvement,325,5631,5963,54,5,296,
2021-06-21,google,Electronics,Narrow,3299,10965,2984,65,1,2321,discounts
2021-06-21,google,New items,Development,1858,10500,12496,274,6,1458,
2021-06-21,google,Promos,Parents,5453,5082,9170,193,0,7125,discounts
2021-06-21,google,Wholesale,Interests,798,2477,4441,21,0,1000,hobby
2021-06-21,google,Wholesale,Starting up,999,5149,7834,69,2,840,startup
2021-06-22,facebook,Crazy discounts,Improvement,2468,17665,18214,192,0,2199,
2021-06-22,facebook,Electronics,Narrow,1474,11321,11983,24,0,1574,discounts
2021-06-22,facebook,Lookalike,Broad new,1762,8296,8178,29,3,2035,you_might_like
2021-06-22,facebook,New items,Development,3160,1982,5610,37,2,5309,
2021-06-22,facebook,Promos,Parents,3875,16144,11651,71,3,7462,discounts
2021-06-22,facebook,Wholesale,Interests,5766,10700,18125,39,0,6629,hobby
2021-06-22,facebook,Wholesale,Starting up,20,27,34,0,0,32,
2021-06-22,facebook,Wholesale,Wide,102,752,273,4,0,92,cheap
2021-06-22,google,Crazy discounts,Improvement,2264,16516,6546,140,0,3061,
2021-06-22,google,Electronics,Narrow,600,2280,2566,41,0,665,discounts
2021-06-22,google,New items,Development,2601,2845,3835,105,3,2676,
2021-06-22,google,Promos,Parents,2491,20352,14315,88,4,3902,discounts
2021-06-22,google,Wholesale,Interests,984,12482,8678,65,0,702,hobby
2021-06-22,google,Wholesale,Starting up,20,36,43,0,0,27,startup
2021-06-22,google,Wholesale,Wide,54,338,554,2,0,58,cheap
2021-06-23,facebook,Brand,Reach 2,100,1023,1909,0,0,126,recognition
2021-06-23,facebook,Crazy discounts,Improvement,1268,14911,21281,163,7,1026,
2021-06-23,facebook,Electronics,Narrow,1983,8035,17715,101,1,1649,discounts
2021-06-23,facebook,Lookalike,Broad new,2878,5400,10579,104,0,3317,you_might_like
2021-06-23,facebook,New items,Development,1958,9060,3069,53,2,3259,
2021-06-23,facebook,Promos,Parents,4442,14998,5473,153,1,8733,discounts
2021-06-23,facebook,Wholesale,Interests,2425,3610,7467,43,3,2123,hobby
2021-06-23,facebook,Wholesale,Starting up,148,787,405,15,0,179,
2021-06-23,facebook,Wholesale,Wide,716,1242,1649,30,1,995,cheap
2021-06-23,google,Electronics,Narrow,4078,12902,10344,30,2,4695,discounts
2021-06-23,google,New items,Development,1652,4351,2486,91,1,2265,
2021-06-23,google,Wholesale,Interests,2904,3271,3622,54,4,4602,hobby
2021-06-23,google,Wholesale,Wide,1714,2117,845,16,1,1466,cheap
2021-06-24,facebook,Brand,Reach 2,435,4508,11120,9,0,581,recognition
2021-06-24,facebook,Crazy discounts,Improvement,1130,17881,6971,282,2,991,
2021-06-24,facebook,Electronics,Narrow,3053,17991,17457,137,2,3978,discounts
2021-06-24,facebook,Lookalike,Broad,14103,126434,68529,1703,37,17017,you_might_like
2021-06-24,facebook,Lookalike,Broad new,1807,3152,8534,105,2,2281,you_might_like
2021-06-24,facebook,New items,Development,1869,9873,2425,52,2,2567,
2021-06-24,facebook,Promos,Parents,2806,22773,22321,155,1,5029,discounts
2021-06-24,facebook,Wholesale,Interests,1590,4329,3442,49,0,2389,hobby
2021-06-24,facebook,Wholesale,Starting up,94,1058,352,9,0,95,
2021-06-24,facebook,Wholesale,Wide,2279,1414,2637,22,1,3428,cheap
2021-06-24,google,Crazy discounts,Improvement,1907,6216,4232,101,4,2509,
2021-06-24,google,Electronics,Narrow,4422,10277,2368,164,0,5335,discounts
2021-06-24,google,New items,Development,3128,3794,6071,28,1,3597,
2021-06-24,google,Wholesale,Interests,775,4296,1978,15,2,1272,hobby
2021-06-24,google,Wholesale,Starting up,45,772,911,7,0,57,startup
2021-06-25,facebook,Brand,Reach 2,215,11675,2278,3,0,365,recognition
2021-06-25,facebook,Electronics,Narrow,3926,14720,17139,84,3,3653,discounts
2021-06-25,facebook,Lookalike,Broad,46174,68190,92124,869,14,38198,you_might_like
2021-06-25,facebook,Lookalike,Broad new,3220,6013,1676,74,1,3819,you_might_like
2021-06-25,facebook,New items,Development,2172,8390,11016,74,2,3113,
2021-06-25,facebook,Promos,Parents,1482,18405,10520,228,3,2769,discounts
2021-06-25,facebook,Wholesale,Interests,5033,5199,7498,50,3,8474,hobby
2021-06-25,facebook,Wholesale,Starting up,254,694,1309,9,0,341,
2021-06-25,google,Crazy discounts,Improvement,1662,19582,19114,126,0,1699,
2021-06-25,google,New items,Development,965,6237,6083,170,2,821,
2021-06-25,google,Promos,Parents,2522,19733,10117,56,1,1895,discounts
2021-06-25,google,Wholesale,Interests,2516,4105,5003,50,1,2845,hobby
2021-06-25,google,Wholesale,Starting up,106,1004,1347,5,0,112,startup
2021-06-26,facebook,Brand,Reach 2,439,8789,10948,8,0,439,recognition
2021-06-26,facebook,Crazy discounts,Improvement,2390,8505,16359,100,1,3797,
2021-06-26,facebook,Electronics,Narrow,4864,9270,14204,124,2,8350,discounts
2021-06-26,facebook,Lookalike,Broad,25626,69684,88202,481,33,30933,you_might_like
2021-06-26,facebook,Lookalike,Broad new,3133,6859,4566,58,1,5305,you_might_like
2021-06-26,facebook,New items,Development,3442,3855,10860,220,1,3150,
2021-06-26,facebook,Promos,Parents,5337,24310,14875,142,3,9158,discounts
2021-06-26,facebook,Wholesale,Interests,5883,3168,3521,98,2,8390,hobby
2021-06-26,facebook,Wholesale,Wide,106,74,79,1,0,152,cheap
2021-06-26,google,Crazy discounts,Improvement,442,17347,13629,216,1,297,
2021-06-26,google,Electronics,Narrow,1282,20204,16304,114,2,1093,discounts
2021-06-26,google,New items,Development,535,3665,1284,169,2,701,
2021-06-26,google,Promos,Parents,2758,16648,8831,127,0,3647,discounts
2021-06-26,google,Wholesale,Interests,4318,9614,3218,51,2,6358,hobby
2021-06-26,google,Wholesale,Starting up,3,117,80,1,0,2,startup
2021-06-26,google,Wholesale,Wide,122,27,48,2,0,95,cheap
2021-06-27,facebook,Brand,Reach 2,126,2665,5540,3,0,161,recognition
2021-06-27,facebook,Crazy discounts,Improvement,832,6086,15143,200,0,1174,
2021-06-27,facebook,Electronics,Narrow,4895,16395,9735,158,2,6999,discounts
2021-06-27,facebook,Lookalike,Broad,27542,96579,116223,1445,17,30481,you_might_like
2021-06-27,facebook,Lookalike,Broad new,3739,3997,6245,82,1,2933,you_might_like
2021-06-27,facebook,New items,Development,2009,11547,9048,63,2,2879,
2021-06-27,facebook,Promos,Parents,5632,24722,21818,57,4,8550,discounts
2021-06-27,facebook,Wholesale,Interests,8458,9484,4566,72,1,11220,
2021-06-27,facebook,Wholesale,Starting up,4,13,12,0,0,5,
2021-06-27,facebook,Wholesale,Wide,185,49,125,1,0,257,cheap
2021-06-27,google,Crazy discounts,Improvement,2703,13606,9988,48,5,1820,
2021-06-27,google,New items,Development,3220,3588,3085,155,3,5167,
2021-06-27,google,Promos,Parents,2531,2610,14690,151,3,4095,discounts
2021-06-27,google,Wholesale,Interests,2523,3535,3554,81,4,2748,hobby
2021-06-27,google,Wholesale,Wide,192,149,162,2,0,175,cheap
2021-06-28,facebook,Brand,Reach 2,124,3782,4727,3,0,203,recognition
2021-06-28,facebook,Crazy discounts,Improvement,2708,7072,13414,150,0,2996,
2021-06-28,facebook,Electronics,Narrow,7167,12360,15598,198,2,12005,discounts
2021-06-28,facebook,Lookalike,Broad,15261,88540,87292,889,9,15453,you_might_like
2021-06-28,facebook,Lookalike,Broad new,4068,12774,7628,89,2,5995,you_might_like
2021-06-28,facebook,New items,Development,1954,7049,3451,138,0,3387,
2021-06-28,facebook,Promos,Parents,4023,5595,4091,134,1,9110,discounts
2021-06-28,facebook,Wholesale,Interests,2829,4563,5816,41,1,3789,hobby
2021-06-28,facebook,Wholesale,Wide,2169,1917,1837,28,0,2198,cheap
2021-06-28,google,Crazy discounts,Improvement,2612,2291,18396,147,4,2692,
2021-06-28,google,Electronics,Narrow,2468,10832,5089,195,0,3596,discounts
2021-06-28,google,Promos,Parents,5744,18307,16518,20,0,7722,discounts
2021-06-28,google,Wholesale,Interests,3543,1887,6715,10,3,2517,hobby
2021-06-28,google,Wholesale,Starting up,1,4,2,0,0,1,startup
2021-06-28,google,Wholesale,Wide,995,2483,1434,12,1,1535,cheap
2021-06-29,facebook,Crazy discounts,Improvement,1369,19900,6106,82,2,1829,
2021-06-29,facebook,Electronics,Narrow,6878,11929,22562,175,5,7636,discounts
2021-06-29,facebook,Lookalike,Broad,30787,26299,33722,1820,29,44196,you_might_like
2021-06-29,facebook,Lookalike,Broad new,7654,8105,6804,136,5,7594,you_might_like
2021-06-29,facebook,New items,Development,2422,10870,13005,205,1,3913,
2021-06-29,facebook,Promos,Parents,2091,25573,19007,77,1,2930,discounts
2021-06-29,facebook,Wholesale,Interests,2830,4766,5466,48,0,3044,hobby
2021-06-29,facebook,Wholesale,Starting up,0,3,6,0,0,0,
2021-06-29,facebook,Wholesale,Wide,1998,860,2529,18,0,3266,cheap
2021-06-29,google,New items,Development,1291,2928,10995,177,2,1044,
2021-06-29,google,Wholesale,Interests,2016,1889,1933,40,2,2189,hobby
2021-06-29,google,Wholesale,Starting up,0,6,6,0,0,0,startup
2021-06-29,google,Wholesale,Wide,1183,1705,1017,10,1,1223,cheap
2021-06-30,facebook,Crazy discounts,Improvement,2671,4680,5935,77,3,2729,
2021-06-30,facebook,Electronics,Narrow,5452,10885,8011,175,1,8391,discounts
2021-06-30,facebook,Lookalike,Broad,44388,29185,68286,1583,26,69906,you_might_like
2021-06-30,facebook,Promos,Parents,5532,24712,10244,36,2,5968,discounts
2021-06-30,facebook,Wholesale,Interests,7180,5614,4518,73,1,6205,hobby
2021-06-30,facebook,Wholesale,Starting up,0,0,1,0,0,0,
2021-06-30,facebook,Wholesale,Wide,373,843,1473,12,0,424,cheap
2021-06-30,google,Crazy discounts,Improvement,2414,13267,5345,25,4,2307,
2021-06-30,google,Electronics,Narrow,6826,10508,14800,106,1,10006,discounts
2021-06-30,google,New items,Development,4054,14051,10850,154,2,2998,
2021-06-30,google,Wholesale,Starting up,0,1,1,0,0,0,startup
2021-06-30,google,Wholesale,Wide,657,918,716,2,0,950,cheap
2021-07-01,facebook,Crazy discounts,Improvement,1673,15442,14036,226,6,2438,
2021-07-01,facebook,Electronics,Narrow,10464,6533,29569,143,4,13084,discounts
2021-07-01,facebook,Lookalike,Broad,44481,58699,105605,1422,16,69836,you_might_like
2021-07-01,facebook,Lookalike,Broad new,6668,8235,11226,118,3,5429,you_might_like
2021-07-01,facebook,New items,Development,763,14784,6258,225,3,635,
2021-07-01,facebook,Wholesale,Interests,4950,6444,9705,103,3,7255,hobby
2021-07-01,facebook,Wholesale,Starting up,0,4,3,0,0,0,
2021-07-01,facebook,Wholesale,Wide,278,347,209,3,0,374,cheap
2021-07-01,google,Crazy discounts,Improvement,322,9522,17192,28,5,354,
2021-07-01,google,Electronics,Narrow,9675,20821,20623,224,4,10313,discounts
2021-07-01,google,New items,Development,1652,8134,8784,75,1,2281,
2021-07-01,google,New items,Presents,1237,3194,1993,33,0,1504,presents
2021-07-01,google,Promos,Parents,1729,22873,2509,223,2,2090,discounts
2021-07-01,google,Wholesale,Interests,3239,2179,3760,116,3,4305,hobby
2021-07-01,google,Wholesale,Starting up,0,11,7,0,0,0,startup
2021-07-01,google,Wholesale,Wide,99,560,469,2,0,134,cheap
2021-07-02,facebook,Crazy discounts,Improvement,722,24982,20721,48,5,1187,
2021-07-02,facebook,Electronics,Narrow,4239,28917,31845,165,5,3451,discounts
2021-07-02,facebook,Lookalike,Broad,41929,86195,38670,566,23,47859,you_might_like
2021-07-02,facebook,Lookalike,Broad new,3380,11281,4173,96,3,3577,you_might_like
2021-07-02,facebook,New items,Development,3327,7851,3378,87,1,4109,
2021-07-02,facebook,New items,Presents,1011,2062,5199,65,0,1678,presents
2021-07-02,facebook,Promos,Parents,2978,11467,31932,283,2,4234,discounts
2021-07-02,facebook,Wholesale,Interests,3166,19353,11578,111,0,3010,hobby
2021-07-02,facebook,Wholesale,Starting up,2,9,24,0,0,2,
2021-07-02,facebook,Wholesale,Wide,739,267,1376,3,1,884,cheap
2021-07-02,google,Crazy discounts,Improvement,2173,17347,13117,41,8,3449,
2021-07-02,google,Electronics,Narrow,8787,32694,20867,124,4,5854,discounts
2021-07-02,google,New items,Development,2567,6433,2880,63,2,3144,
2021-07-02,google,New items,Presents,1256,3808,1663,60,1,1869,presents
2021-07-02,google,Promos,Parents,2959,28311,28363,184,2,3349,discounts
2021-07-02,google,Wholesale,Starting up,1,10,24,0,0,1,startup
2021-07-02,google,Wholesale,Wide,1241,1034,149,8,0,976,cheap
2021-07-03,facebook,Crazy discounts,Improvement,2834,11110,23200,242,1,3238,
2021-07-03,facebook,Electronics,Narrow,12375,18073,34352,337,2,13613,discounts
2021-07-03,facebook,Lookalike,Broad,15319,178315,133136,1301,26,22069,you_might_like
2021-07-03,facebook,Lookalike,Broad new,3468,11361,3070,87,2,5181,you_might_like
2021-07-03,facebook,New items,Development,1990,6229,9958,171,0,3178,
2021-07-03,facebook,New items,Presents,1341,4662,5451,35,1,1368,presents
2021-07-03,facebook,Promos,Parents,2316,14213,20403,224,3,3406,discounts
2021-07-03,facebook,Wholesale,Interests,10335,18760,9470,159,3,12124,hobby
2021-07-03,facebook,Wholesale,Starting up,5,10,9,0,0,8,
2021-07-03,facebook,Wholesale,Wide,1898,600,1847,16,1,2703,cheap
2021-07-03,google,Crazy discounts,Improvement,1013,7691,6376,147,6,911,
2021-07-03,google,Electronics,Narrow,11407,31924,14236,133,6,16191,discounts
2021-07-03,google,New items,Development,2511,5071,1932,181,2,1892,
2021-07-03,google,New items,Presents,846,2621,1117,80,2,1108,presents
2021-07-03,google,Promos,Parents,4883,6381,22723,137,5,8007,discounts
2021-07-03,google,Wholesale,Interests,11340,20386,16010,76,1,8609,hobby
2021-07-03,google,Wholesale,Starting up,6,31,36,0,0,6,startup
2021-07-03,google,Wholesale,Wide,514,1779,725,34,1,446,cheap
2021-07-04,facebook,Crazy discounts,Improvement,2651,15334,25602,229,4,2472,
2021-07-04,facebook,Lookalike,Broad,12464,45861,47942,1920,35,13318,you_might_like
2021-07-04,facebook,Lookalike,Broad new,1447,3187,5442,38,1,1856,you_might_like
2021-07-04,facebook,New items,Development,3580,6255,12352,208,2,5125,
2021-07-04,facebook,New items,Presents,335,4601,4278,44,1,537,presents
2021-07-04,facebook,Promos,Parents,2801,7131,36754,237,2,3850,discounts
2021-07-04,facebook,Wholesale,Starting up,14,41,26,1,0,11,
2021-07-04,facebook,Wholesale,Wide,4389,2219,2774,52,1,6824,cheap
2021-07-04,google,Electronics,Narrow,9564,28149,34667,118,0,11536,discounts
2021-07-04,google,New items,Development,3663,3107,8575,168,2,4089,
2021-07-04,google,Wholesale,Interests,5807,7453,7687,93,1,4247,hobby
2021-07-04,google,Wholesale,Wide,6278,5786,1072,19,2,7918,cheap
2021-07-05,facebook,Crazy discounts,Improvement,934,16785,8332,213,6,1628,
2021-07-05,facebook,Electronics,Narrow,11555,47259,29786,342,5,18621,discounts
2021-07-05,facebook,Lookalike,Broad,25668,154229,170665,1162,39,20192,you_might_like
2021-07-05,facebook,Lookalike,Broad new,1007,8015,1309,53,1,969,you_might_like
2021-07-05,facebook,New items,Presents,1688,6512,3972,21,1,2519,presents
2021-07-05,facebook,Promos,Parents,5847,17130,32340,243,4,13871,discounts
2021-07-05,facebook,Wholesale,Starting up,11,16,49,0,0,15,
2021-07-05,facebook,Wholesale,Wide,6902,3214,3939,34,0,5966,cheap
2021-07-05,google,Crazy discounts,Improvement,1528,7560,17889,192,6,1195,
2021-07-05,google,New items,Development,1640,10372,5031,105,2,2105,
2021-07-05,google,New items,Presents,1459,1853,1909,84,2,1839,presents
2021-07-05,google,Wholesale,Wide,1877,2584,3195,52,2,2584,cheap
2021-07-06,facebook,Crazy discounts,Improvement,1570,20701,8151,236,6,2605,
2021-07-06,facebook,Lookalike,Broad,24235,81970,62821,1180,8,30342,you_might_like
2021-07-06,facebook,Lookalike,Broad new,2725,3948,7790,85,2,3192,you_might_like
2021-07-06,facebook,New items,Development,2723,7560,4287,74,1,2758,
2021-07-06,facebook,New items,Presents,1086,2175,5219,18,1,881,presents
2021-07-06,facebook,Wholesale,Interests,2370,8150,9163,79,1,1989,hobby
2021-07-06,facebook,Wholesale,Starting up,2,10,20,0,0,2,
2021-07-06,facebook,Wholesale,Wide,8775,6787,6058,32,1,8790,cheap
2021-07-06,google,Crazy discounts,Improvement,940,17734,14807,86,1,726,
2021-07-06,google,Electronics,Narrow,4704,35468,22859,446,8,5984,discounts
2021-07-06,google,New items,Development,925,9842,7639,28,0,1171,
2021-07-06,google,New items,Presents,995,3220,2666,80,0,1499,presents
2021-07-06,google,Wholesale,Interests,2808,7179,3379,36,3,4260,hobby
2021-07-06,google,Wholesale,Wide,2591,6429,1264,35,1,3327,cheap
2021-07-07,facebook,Crazy discounts,Improvement,3123,25493,19781,153,0,2734,
2021-07-07,facebook,Electronics,Narrow,15844,21127,33148,210,10,12499,discounts
2021-07-07,facebook,Lookalike,Broad,29464,103211,153589,1928,41,40700,you_might_like
2021-07-07,facebook,New items,Development,1069,9765,9580,82,4,1675,
2021-07-07,facebook,New items,Presents,361,3972,6968,33,0,543,presents
2021-07-07,facebook,Promos,Parents,3956,15586,6265,34,0,8858,discounts
2021-07-07,facebook,Wholesale,Interests,2410,21299,9601,130,1,2458,hobby
2021-07-07,facebook,Wholesale,Wide,3473,2074,5090,22,1,4086,cheap
2021-07-07,google,Crazy discounts,Improvement,2388,4997,19752,44,2,3280,
2021-07-07,google,Electronics,Narrow,26210,42375,65990,65,8,28693,discounts
2021-07-07,google,New items,Development,1127,7506,9428,41,0,968,
2021-07-07,google,Wholesale,Wide,3354,861,4639,23,0,3458,cheap
2021-07-08,facebook,Brand,Reach 2,482,6192,9572,5,0,475,recognition
2021-07-08,facebook,Crazy discounts,Improvement,2056,17050,6767,75,1,2046,
2021-07-08,facebook,Electronics,Narrow,4790,15941,65385,473,10,4333,discounts
2021-07-08,facebook,Lookalike,Broad,14865,55124,81082,866,1,11896,you_might_like
2021-07-08,facebook,Lookalike,Broad new,1354,2563,3030,64,2,1115,you_might_like
2021-07-08,facebook,New items,Development,1190,4415,6029,148,4,1540,
2021-07-08,facebook,Wholesale,Interests,6718,24596,15491,113,9,6363,hobby
2021-07-08,facebook,Wholesale,Wide,1484,1953,5855,24,1,1506,cheap
2021-07-08,google,Crazy discounts,Improvement,2661,18998,5928,57,5,3785,
2021-07-08,google,Electronics,Narrow,22069,22624,16554,380,7,19276,discounts
2021-07-08,google,New items,Development,3742,5770,4716,75,3,2894,
2021-07-08,google,Promos,Parents,2889,15785,7723,19,3,3798,discounts
2021-07-08,google,Wholesale,Interests,7447,16051,10489,242,7,10379,hobby
2021-07-08,google,Wholesale,Wide,2722,4032,5036,24,0,2246,cheap
2021-07-09,facebook,Brand,Reach 2,486,13684,14628,12,0,760,recognition
2021-07-09,facebook,Crazy discounts,Improvement,3339,14133,3652,121,4,5140,
2021-07-09,facebook,Electronics,Narrow,17469,60544,33746,510,5,18925,discounts
2021-07-09,facebook,Lookalike,Broad,12851,151281,88772,421,26,13106,you_might_like
2021-07-09,facebook,Lookalike,Broad new,5377,8796,12237,139,1,8101,you_might_like
2021-07-09,facebook,New items,Development,2922,12276,10355,61,1,3059,
2021-07-09,facebook,New items,Presents,910,5908,1081,48,1,1276,presents
2021-07-09,facebook,Promos,Parents,2371,10037,20535,56,4,3533,discounts
2021-07-09,facebook,Wholesale,Interests,8498,13492,19621,115,4,9581,hobby
2021-07-09,facebook,Wholesale,Wide,3750,6757,1006,43,1,5666,cheap
2021-07-09,google,Crazy discounts,Improvement,3010,8947,7096,172,5,4241,
2021-07-09,google,Electronics,Narrow,24648,63016,53665,94,8,21338,discounts
2021-07-09,google,New items,Development,2797,10961,1259,59,2,2519,
2021-07-09,google,New items,Presents,357,4754,4473,27,0,409,presents
2021-07-09,google,Promos,Parents,3059,9447,14124,103,3,4414,discounts
2021-07-09,google,Wholesale,Interests,11445,21603,15105,206,5,7491,hobby
2021-07-09,google,Wholesale,Wide,1224,5014,2442,26,1,1072,cheap
2021-07-10,facebook,Crazy discounts,Improvement,1936,10161,18294,149,4,3268,
2021-07-10,facebook,Electronics,Narrow,31183,22984,46903,402,5,43830,discounts
2021-07-10,facebook,Lookalike,Broad new,2413,9017,15323,193,4,1895,you_might_like
2021-07-10,facebook,New items,Development,1316,10026,2852,217,2,2259,
2021-07-10,facebook,New items,Presents,1300,3549,4637,133,1,1536,presents
2021-07-10,facebook,Promos,Parents,2160,15796,7418,46,2,2520,discounts
2021-07-10,facebook,Wholesale,Interests,3930,12814,18130,135,2,5858,hobby
2021-07-10,google,Crazy discounts,Improvement,2224,18336,9672,68,4,3527,
2021-07-10,google,New items,Development,1456,9613,4060,22,2,2247,
2021-07-10,google,New items,Presents,1779,5251,2558,93,2,2771,presents
2021-07-10,google,Promos,Parents,7934,7595,16006,92,2,7932,discounts
2021-07-10,google,Wholesale,Interests,3807,9431,12958,102,3,3508,hobby
2021-07-10,google,Wholesale,Wide,7930,6221,6473,73,5,8247,cheap
2021-07-11,facebook,Crazy discounts,Improvement,3088,16177,18222,77,4,3367,
2021-07-11,facebook,Electronics,Narrow,3180,11137,4853,116,4,4482,discounts
2021-07-11,facebook,Lookalike,Broad,7599,44150,91381,1522,20,7654,you_might_like
2021-07-11,facebook,Lookalike,Broad new,2811,17251,4313,302,1,3248,you_might_like
2021-07-11,facebook,New items,Development,3848,12588,7746,96,2,2958,
2021-07-11,facebook,New items,Presents,1293,2915,4827,116,1,1620,presents
2021-07-11,facebook,Promos,Parents,2171,6453,5084,26,1,4444,discounts
2021-07-11,facebook,Wholesale,Interests,8592,10629,8762,177,6,6907,hobby
2021-07-11,facebook,Wholesale,Wide,2531,14681,17179,113,3,3122,cheap
2021-07-11,google,Crazy discounts,Improvement,2475,2862,11663,47,2,2051,
2021-07-11,google,Electronics,Narrow,9326,22214,24603,210,5,7961,discounts
2021-07-11,google,New items,Development,1742,2302,5110,107,2,2138,
2021-07-11,google,New items,Presents,1179,4710,2428,109,1,1275,presents
2021-07-11,google,Promos,Parents,1356,5387,5140,41,0,1381,discounts
2021-07-11,google,Wholesale,Interests,11280,7534,19498,124,3,10894,hobby
2021-07-12,facebook,Brand,Reach 2,151,2506,1993,0,0,230,recognition
2021-07-12,facebook,Crazy discounts,Improvement,634,5439,15876,71,4,981,
2021-07-12,facebook,Lookalike,Broad,26031,125100,140016,1410,14,43203,you_might_like
2021-07-12,facebook,Lookalike,Broad new,8461,14063,12567,117,3,8328,you_might_like
2021-07-12,facebook,New items,Presents,653,3256,3050,34,0,929,presents
2021-07-12,facebook,Promos,Parents,4640,7716,18486,35,1,8790,discounts
2021-07-12,facebook,Wholesale,Interests,16487,19825,30784,126,6,13683,hobby
2021-07-12,facebook,Wholesale,Wide,6588,5773,2183,75,4,10619,cheap
2021-07-12,google,Crazy discounts,Improvement,2883,7619,6297,78,1,4129,
2021-07-12,google,Electronics,Narrow,6792,81527,31618,709,3,6741,discounts
2021-07-12,google,New items,Development,2875,4697,10757,42,1,2461,
2021-07-12,google,New items,Presents,696,2391,2496,11,0,850,presents
2021-07-12,google,Promos,Parents,6668,21713,9748,62,4,6417,discounts
2021-07-12,google,Wholesale,Wide,6125,2499,9031,93,2,6366,cheap
2021-07-13,facebook,Crazy discounts,Improvement,1751,14449,5714,161,6,2487,
2021-07-13,facebook,Electronics,Narrow,8074,25299,32998,773,1,7570,discounts
2021-07-13,facebook,Lookalike,Broad,33427,77193,107535,722,4,35276,you_might_like
2021-07-13,facebook,New items,Development,3770,8788,9019,80,3,6467,
2021-07-13,facebook,New items,Presents,1436,7360,1283,67,1,2062,presents
2021-07-13,facebook,Promos,Parents,6784,5927,15474,91,1,14026,discounts
2021-07-13,facebook,Wholesale,Interests,10726,16945,10901,106,3,12060,hobby
2021-07-13,facebook,Wholesale,Wide,3823,12838,10998,33,3,3268,cheap
2021-07-13,google,Crazy discounts,Improvement,1928,17543,17065,82,5,1684,
2021-07-13,google,New items,Development,988,4261,1148,33,1,898,
2021-07-13,google,Wholesale,Interests,1431,14102,3116,85,2,1816,hobby
2021-07-13,google,Wholesale,Wide,2098,10523,7422,41,2,1758,cheap
2021-07-14,facebook,Crazy discounts,Improvement,2019,14016,12695,127,2,1662,
2021-07-14,facebook,Electronics,Narrow,16247,64629,62069,964,13,15143,discounts
2021-07-14,facebook,Lookalike,Broad,17293,84177,123812,427,17,19503,you_might_like
2021-07-14,facebook,New items,Development,1268,13806,5925,144,2,1891,
2021-07-14,facebook,New items,Presents,1149,4852,5967,30,1,1997,presents
2021-07-14,facebook,Wholesale,Interests,1513,3339,7314,97,3,2169,hobby
2021-07-14,facebook,Wholesale,Wide,6281,8794,10844,165,7,6899,cheap
2021-07-14,google,New items,Development,555,5529,10311,38,2,613,
2021-07-14,google,Promos,Parents,6770,15096,11503,114,2,10337,discounts
2021-07-14,google,Wholesale,Interests,6773,8182,2747,69,2,9129,hobby
2021-07-14,google,Wholesale,Wide,12158,6874,3033,40,2,19043,cheap
2021-07-15,facebook,Crazy discounts,Improvement,562,5510,13066,222,2,634,
2021-07-15,facebook,Electronics,Narrow,23543,28930,57011,610,11,25490,discounts
2021-07-15,facebook,Lookalike,Broad,19308,30368,64130,1343,17,19574,you_might_like
2021-07-15,facebook,Lookalike,Broad new,2660,7091,11802,177,2,2149,you_might_like
2021-07-15,facebook,New items,Development,4879,3568,5584,152,2,5210,
2021-07-15,facebook,New items,Presents,1021,5370,2375,50,0,1753,presents
2021-07-15,facebook,Promos,Parents,6154,5228,13819,152,0,9656,discounts
2021-07-15,facebook,Wholesale,Interests,10237,9402,20601,117,6,15148,hobby
2021-07-15,facebook,Wholesale,Wide,4723,15693,5719,107,0,5377,cheap
2021-07-15,google,Crazy discounts,Improvement,1959,9384,21321,197,5,2747,
2021-07-15,google,Electronics,Narrow,15128,73380,33888,262,5,22417,discounts
2021-07-15,google,Promos,Parents,6963,17446,15221,61,1,8165,discounts
2021-07-15,google,Wholesale,Interests,10670,5551,13524,68,2,17407,hobby
2021-07-15,google,Wholesale,Wide,4760,10141,13511,36,3,4172,cheap
2021-07-16,facebook,Crazy discounts,Improvement,1924,15074,18907,299,2,2346,
2021-07-16,facebook,Electronics,Narrow,35256,102035,62356,147,5,29146,discounts
2021-07-16,facebook,Lookalike,Broad,11019,77758,119183,1091,8,16024,you_might_like
2021-07-16,facebook,Lookalike,Broad new,5726,4983,5957,241,0,5800,you_might_like
2021-07-16,facebook,New items,Development,3517,6999,14059,96,4,4848,
2021-07-16,facebook,New items,Presents,612,2273,4625,11,1,730,presents
2021-07-16,facebook,Promos,Parents,5446,6248,19021,181,0,8692,discounts
2021-07-16,google,Crazy discounts,Improvement,705,16821,23176,230,1,966,
2021-07-16,google,New items,Development,1811,4099,12034,64,1,2302,
2021-07-16,google,New items,Presents,558,4326,1979,19,0,435,presents
2021-07-16,google,Wholesale,Wide,4743,17865,4243,130,0,6344,cheap
2021-07-17,facebook,Crazy discounts,Improvement,3608,17498,25446,73,1,2740,
2021-07-17,facebook,Electronics,Narrow,7769,41392,51729,345,8,13562,discounts
2021-07-17,facebook,Lookalike,Broad,23370,96750,26238,850,26,22077,you_might_like
2021-07-17,facebook,Lookalike,Broad new,5433,2892,4674,205,3,9389,you_might_like
2021-07-17,facebook,New items,Development,1449,3619,8554,143,3,1846,
2021-07-17,facebook,New items,Presents,307,1391,671,15,0,488,presents
2021-07-17,facebook,Promos,Parents,2027,6737,13264,162,2,3643,discounts
2021-07-17,facebook,Wholesale,Interests,7180,18726,20647,31,3,7897,hobby
2021-07-17,facebook,Wholesale,Wide,3508,25996,7803,49,6,5064,cheap
2021-07-17,google,Crazy discounts,Improvement,1958,9006,4690,294,8,2549,
2021-07-17,google,New items,Development,3567,7649,12943,124,3,4605,
2021-07-17,google,New items,Presents,333,234,387,8,0,391,presents
2021-07-17,google,Promos,Parents,5447,7437,7988,53,2,7322,discounts
2021-07-17,google,Wholesale,Interests,4281,10650,13895,118,1,4106,hobby
2021-07-17,google,Wholesale,Wide,8163,20715,22615,24,3,12275,cheap
2021-07-18,facebook,Crazy discounts,Improvement,1487,24994,10674,193,8,1785,
2021-07-18,facebook,Electronics,Narrow,27320,43755,37725,170,13,31146,discounts
2021-07-18,facebook,Lookalike,Broad,58824,175719,125013,860,38,52313,you_might_like
2021-07-18,facebook,Lookalike,Broad new,4647,18653,5722,141,2,5502,you_might_like
2021-07-18,facebook,New items,Development,6412,14044,13008,252,4,9390,
2021-07-18,facebook,Promos,Parents,3593,7982,13635,59,2,4938,discounts
2021-07-18,facebook,Wholesale,Interests,5407,16147,5316,54,1,4252,hobby
2021-07-18,facebook,Wholesale,Wide,12548,9606,12167,104,2,14396,cheap
2021-07-18,google,Crazy discounts,Improvement,1729,3483,3822,292,7,1181,
2021-07-18,google,Electronics,Narrow,12901,39121,85715,626,13,15365,discounts
2021-07-18,google,New items,Development,3768,15950,7970,71,1,4957,
2021-07-18,google,Promos,Parents,2696,12603,14888,44,3,3223,discounts
2021-07-18,google,Wholesale,Interests,7986,9980,11771,66,1,10269,hobby
2021-07-19,facebook,Crazy discounts,Improvement,1175,13161,8150,166,1,1763,
2021-07-19,facebook,Electronics,Narrow,31532,57646,71608,472,9,44344,discounts
2021-07-19,facebook,Lookalike,Broad,40964,180421,62261,1446,32,41897,you_might_like
2021-07-19,facebook,Lookalike,Broad new,3355,9627,7551,45,2,3348,you_might_like
2021-07-19,facebook,New items,Development,2071,24955,17110,158,4,2949,
2021-07-19,facebook,Promos,Parents,5978,3688,5189,149,1,7826,discounts
2021-07-19,facebook,Wholesale,Interests,6520,3533,16581,70,5,9584,hobby
2021-07-19,facebook,Wholesale,Wide,12948,15443,14108,29,3,15652,cheap
2021-07-19,google,Electronics,Narrow,10621,48662,51604,554,5,14424,discounts
2021-07-19,google,New items,Development,5138,10696,15838,190,7,7440,
2021-07-19,google,Promos,Parents,1978,20662,13979,34,0,1976,discounts
2021-07-19,google,Wholesale,Interests,2604,13210,14223,55,3,4266,hobby
2021-07-19,google,Wholesale,Wide,5019,19936,18399,40,3,4121,cheap
2021-07-20,facebook,Crazy discounts,Improvement,2068,24982,23473,103,4,1697,
2021-07-20,facebook,Electronics,Narrow,6087,119557,73557,798,10,6633,discounts
2021-07-20,facebook,Lookalike,Broad,40393,158331,119882,1057,54,51048,you_might_like
2021-07-20,facebook,Lookalike,Broad new,1116,6113,2622,228,1,1266,you_might_like
2021-07-20,facebook,New items,Development,7116,19429,11169,342,0,8230,
2021-07-20,facebook,Promos,Parents,1611,23946,21723,106,2,1835,discounts
2021-07-20,facebook,Wholesale,Interests,3501,19165,18092,138,2,4587,hobby
2021-07-20,facebook,Wholesale,Wide,10134,11493,15666,46,1,14457,cheap
2021-07-20,google,Crazy discounts,Improvement,1382,10360,12354,254,6,1298,
2021-07-20,google,Electronics,Narrow,19889,77189,19618,653,10,16984,discounts
2021-07-20,google,New items,Development,3159,18611,15314,164,2,3846,
2021-07-20,google,Promos,Parents,3818,9257,4021,50,0,5933,discounts
2021-07-20,google,Wholesale,Wide,7258,15312,5436,30,5,7617,cheap
2021-07-21,facebook,Crazy discounts,Improvement,1366,4032,13851,249,2,1341,
2021-07-21,facebook,Electronics,Narrow,12315,29413,104043,516,12,14456,discounts
2021-07-21,facebook,Lookalike,Broad,45925,151035,200075,2784,32,75271,you_might_like
2021-07-21,facebook,Lookalike,Broad new,5390,14321,3375,149,4,7500,you_might_like
2021-07-21,facebook,Promos,Parents,5917,17283,11193,64,1,13266,discounts
2021-07-21,facebook,Wholesale,Interests,10725,19876,18161,113,2,11318,hobby
2021-07-21,facebook,Wholesale,Wide,2598,8517,6702,26,1,4179,cheap
2021-07-21,google,Crazy discounts,Improvement,1550,10085,14735,53,7,1332,
2021-07-21,google,Electronics,Narrow,3811,15296,64845,655,9,3044,discounts
2021-07-21,google,New items,Development,5924,7678,10048,144,2,4197,
2021-07-21,google,Promos,Parents,5584,13095,5375,30,1,4204,discounts
2021-07-21,google,Wholesale,Interests,8270,10281,16117,18,3,10533,hobby
2021-07-21,google,Wholesale,Wide,1551,16152,16083,34,3,2190,cheap
2021-07-22,facebook,Crazy discounts,Improvement,1196,7535,13228,155,0,1724,
2021-07-22,facebook,Electronics,Narrow,24926,124048,32981,310,2,23358,discounts
2021-07-22,facebook,Lookalike,Broad,34129,123890,128107,1722,50,40274,you_might_like
2021-07-22,facebook,Lookalike,Broad new,3197,10039,15559,199,2,2717,you_might_like
2021-07-22,facebook,New items,Development,1367,9249,15316,272,1,1635,
2021-07-22,facebook,Promos,Parents,4799,3797,5237,120,3,7309,discounts
2021-07-22,facebook,Wholesale,Interests,6675,4569,19972,169,4,9655,hobby
2021-07-22,facebook,Wholesale,Wide,1924,6664,13130,93,3,2142,cheap
2021-07-22,google,Promos,Parents,1977,5705,12837,69,1,1577,discounts
2021-07-22,google,Wholesale,Interests,5577,24848,14821,130,4,4787,hobby
2021-07-22,google,Wholesale,Wide,4999,8158,18158,62,1,6351,cheap
2021-07-23,facebook,Crazy discounts,Improvement,671,25988,8799,294,2,1087,
2021-07-23,facebook,Electronics,Narrow,31246,106354,49308,378,11,44729,discounts
2021-07-23,facebook,Lookalike,Broad,70626,212263,134838,1383,3,76959,you_might_like
2021-07-23,facebook,Lookalike,Broad new,2948,6079,2266,211,4,3441,you_might_like
2021-07-23,facebook,New items,Development,4110,20187,8987,267,4,4076,
2021-07-23,facebook,Promos,Parents,3677,15439,10789,165,2,6996,discounts
2021-07-23,facebook,Wholesale,Interests,9548,6440,20636,95,3,13308,hobby
2021-07-23,facebook,Wholesale,Wide,10882,25525,13780,87,2,9738,cheap
2021-07-23,google,Crazy discounts,Improvement,907,8346,5716,134,2,964,
2021-07-23,google,Electronics,Narrow,17467,55943,59874,330,5,27647,discounts
2021-07-23,google,New items,Development,4355,14687,9153,186,4,5612,
2021-07-23,google,Wholesale,Interests,3200,3998,22619,63,3,3920,hobby
2021-07-24,facebook,Crazy discounts,Improvement,873,27815,5777,88,1,1356,
2021-07-24,facebook,Electronics,Narrow,34395,31673,75106,728,8,57383,discounts
2021-07-24,facebook,Lookalike,Broad,54497,153367,247253,512,9,81684,you_might_like
2021-07-24,facebook,Lookalike,Broad new,1321,15397,6368,254,1,2124,you_might_like
2021-07-24,facebook,New items,Development,6078,20553,12818,239,3,9015,
2021-07-24,facebook,Promos,Parents,1201,23463,3567,130,1,2239,discounts
2021-07-24,facebook,Wholesale,Interests,10352,25178,4821,35,5,17028,hobby
2021-07-24,facebook,Wholesale,Wide,7480,17355,4925,124,1,9378,cheap
2021-07-24,google,Crazy discounts,Improvement,1665,20335,19227,312,6,1865,
2021-07-24,google,Electronics,Narrow,14525,33094,64572,551,8,10936,discounts
2021-07-24,google,Wholesale,Wide,9283,13839,2397,36,4,7737,cheap
2021-07-25,facebook,Crazy discounts,Improvement,1965,15049,10404,197,5,2661,
2021-07-25,facebook,Electronics,Narrow,6744,97650,29808,545,1,10991,discounts
2021-07-25,facebook,Lookalike,Broad,37055,43544,198449,2204,43,59515,you_might_like
2021-07-25,facebook,Lookalike,Broad new,1482,3700,5055,36,1,1920,you_might_like
2021-07-25,facebook,New items,Development,7311,7299,9409,256,1,11130,
2021-07-25,facebook,Promos,Parents,3831,16337,8714,130,3,7242,discounts
2021-07-25,facebook,Wholesale,Interests,6617,23098,9599,95,0,11148,hobby
2021-07-25,facebook,Wholesale,Wide,10514,11178,6541,101,5,10012,cheap
2021-07-25,google,Crazy discounts,Improvement,1369,7755,2424,54,5,2235,
2021-07-25,google,Electronics,Narrow,25067,81436,73851,462,10,31309,discounts
2021-07-25,google,New items,Development,2328,15543,7004,190,4,1752,
2021-07-26,facebook,Crazy discounts,Improvement,1615,11088,5605,119,6,1429,
2021-07-26,facebook,Electronics,Narrow,13942,62018,43052,468,5,17915,discounts
2021-07-26,facebook,Lookalike,Broad,21521,84220,37566,342,33,17642,you_might_like
2021-07-26,facebook,Lookalike,Broad new,2812,10877,4307,30,3,2305,you_might_like
2021-07-26,facebook,Promos,Parents,3380,21674,9361,97,1,6244,discounts
2021-07-26,facebook,Wholesale,Interests,7967,5925,13915,153,4,6537,hobby
2021-07-26,facebook,Wholesale,Wide,1777,9680,4967,85,2,2892,cheap
2021-07-26,google,Crazy discounts,Improvement,2934,15829,16300,30,4,4163,
2021-07-26,google,New items,Development,5998,4575,11311,176,2,4528,
2021-07-26,google,Promos,Parents,2098,9476,7428,88,1,2132,discounts
2021-07-26,google,Wholesale,Wide,2296,12112,10866,59,3,3539,cheap
2021-07-27,facebook,Crazy discounts,Improvement,3121,6425,18325,264,2,2681,
2021-07-27,facebook,Electronics,Narrow,7866,95014,121574,157,5,7537,discounts
2021-07-27,facebook,Lookalike,Broad,44489,86197,89358,434,34,74211,you_might_like
2021-07-27,facebook,Lookalike,Broad new,4941,12652,13712,75,1,8604,you_might_like
2021-07-27,facebook,New items,Development,2684,9077,10492,340,5,2200,
2021-07-27,facebook,Promos,Parents,5041,20896,15116,161,2,7889,discounts
2021-07-27,facebook,Wholesale,Interests,2745,7964,6523,103,4,4641,hobby
2021-07-27,facebook,Wholesale,Wide,1776,7992,8259,36,1,3035,cheap
2021-07-27,google,Crazy discounts,Improvement,2343,10861,15482,131,1,2668,
2021-07-27,google,Electronics,Narrow,6797,82097,58744,197,14,7038,discounts
2021-07-27,google,New items,Development,5101,7527,2863,138,5,7968,
2021-07-27,google,Promos,Parents,7242,23576,14941,117,3,11135,discounts
2021-07-27,google,Wholesale,Interests,8648,4674,5005,109,5,7126,hobby
2021-07-28,facebook,Crazy discounts,Improvement,2858,12238,17519,227,4,2645,
2021-07-28,facebook,Electronics,Narrow,25699,95050,84352,780,13,26478,discounts
2021-07-28,facebook,Lookalike,Broad,32881,62145,132106,1131,21,51180,you_might_like
2021-07-28,facebook,Lookalike,Broad new,3149,14753,13880,105,0,4368,you_might_like
2021-07-28,facebook,New items,Development,3331,6557,4999,434,7,4087,
2021-07-28,facebook,Promos,Parents,2739,5669,10752,54,3,6593,discounts
2021-07-28,facebook,Wholesale,Interests,7413,17593,17256,110,3,12086,hobby
2021-07-28,facebook,Wholesale,Wide,2498,11141,11679,46,0,3842,cheap
2021-07-28,google,Crazy discounts,Improvement,2658,9243,2533,61,2,3597,
2021-07-28,google,Electronics,Narrow,29119,88994,78952,160,5,19570,discounts
2021-07-28,google,New items,Development,5794,18475,13065,174,7,5217,
2021-07-28,google,Wholesale,Interests,3451,19365,19305,96,2,4065,hobby
2021-07-28,google,Wholesale,Wide,5338,2785,3676,51,2,6131,cheap
2021-07-29,facebook,Crazy discounts,Improvement,1976,11999,18200,166,4,2645,
2021-07-29,facebook,Electronics,Narrow,25988,34908,50855,266,2,31856,discounts
2021-07-29,facebook,Lookalike,Broad,27989,127024,87997,705,11,30018,you_might_like
2021-07-29,facebook,Lookalike,Broad new,4292,4732,4229,62,3,3906,you_might_like
2021-07-29,facebook,New items,Development,2597,10931,5784,84,4,2547,
2021-07-29,facebook,Promos,Parents,4009,13349,10713,34,1,6536,discounts
2021-07-29,facebook,Wholesale,Interests,4601,11279,7087,49,1,6122,hobby
2021-07-29,facebook,Wholesale,Wide,6213,6399,12479,41,1,9051,cheap
2021-07-29,google,Crazy discounts,Improvement,1895,18703,14297,151,1,1294,
2021-07-29,google,Electronics,Narrow,17201,59838,9599,324,1,14485,discounts
2021-07-29,google,New items,Development,461,2627,7939,51,0,493,
2021-07-29,google,Promos,Parents,4158,14920,16909,147,0,4722,discounts
2021-07-30,facebook,Electronics,Narrow,5775,43594,108498,173,14,6081,discounts
2021-07-30,facebook,Lookalike,Broad,36739,89697,116004,380,24,37448,you_might_like
2021-07-30,facebook,Lookalike,Broad new,1111,14881,12059,78,2,1513,you_might_like
2021-07-30,facebook,New items,Development,1193,2360,8370,231,2,947,
2021-07-30,facebook,Wholesale,Interests,5274,16461,9076,155,1,8271,hobby
2021-07-30,facebook,Wholesale,Wide,1820,8898,7105,26,2,1966,cheap
2021-07-30,google,Crazy discounts,Improvement,853,6023,2467,102,6,761,
2021-07-30,google,Electronics,Narrow,26785,19665,17836,283,5,27070,discounts
2021-07-30,google,Promos,Parents,1128,13848,17374,34,4,1531,discounts
2021-07-30,google,Wholesale,Interests,2057,5126,2884,126,3,2824,hobby
2021-07-30,google,Wholesale,Wide,2848,8809,1036,18,2,4109,cheap
2021-07-31,facebook,Crazy discounts,Improvement,2047,9815,15198,269,7,2007,
2021-07-31,facebook,Lookalike,Broad,24950,25751,122934,1223,5,22109,you_might_like
2021-07-31,facebook,Lookalike,Broad new,2691,14538,8288,176,1,4241,you_might_like
2021-07-31,facebook,New items,Development,760,13652,11973,64,4,674,
2021-07-31,facebook,Promos,Parents,2591,25030,7058,40,1,5154,discounts
2021-07-31,facebook,Wholesale,Interests,5840,5377,5508,155,3,5631,hobby
2021-07-31,facebook,Wholesale,Wide,5074,7114,9727,28,2,5813,cheap
2021-07-31,google,Crazy discounts,Improvement,1237,2794,10060,212,6,842,
2021-07-31,google,Electronics,Narrow,13739,94422,15410,158,5,15424,discounts
2021-07-31,google,New items,Development,2068,13689,8884,36,2,2874,
2021-07-31,google,Promos,Parents,2320,18822,5078,97,1,2835,discounts
2021-07-31,google,Wholesale,Interests,6409,3123,16542,131,1,9958,hobby
2021-07-31,google,Wholesale,Wide,4909,6782,2099,15,1,5674,cheap
2021-08-01,facebook,Crazy discounts,Improvement,2752,8941,23962,205,6,2881,
2021-08-01,facebook,Electronics,Narrow,25484,36102,23314,268,7,23380,discounts
2021-08-01,facebook,Lookalike,Broad,29792,96408,85368,1283,16,40455,you_might_like
2021-08-01,facebook,Lookalike,Broad new,2634,7080,6191,87,5,2633,you_might_like
2021-08-01,facebook,New items,Development,5172,21354,13183,273,2,4268,
2021-08-01,facebook,Promos,Parents,3908,10525,8007,40,3,6688,discounts
2021-08-01,facebook,Wholesale,Interests,6789,5500,17599,37,5,9046,hobby
2021-08-01,facebook,Wholesale,Wide,3197,5694,10211,36,3,2995,cheap
2021-08-01,google,Crazy discounts,Improvement,2413,20698,20302,179,9,2370,
2021-08-01,google,Electronics,Narrow,7819,13660,38512,397,0,7841,discounts
2021-08-01,google,New items,Development,1158,16962,11460,140,3,1555,
2021-08-01,google,Wholesale,Interests,7044,3679,5485,127,6,7396,hobby
2021-08-01,google,Wholesale,Wide,3321,8170,5764,16,1,3466,cheap
2021-08-02,facebook,Brand,Reach 2,603,7522,5144,11,0,494,recognition
2021-08-02,facebook,Crazy discounts,Improvement,2350,11764,5785,260,7,3189,
2021-08-02,facebook,Electronics,Narrow,6877,88247,102221,498,6,9731,discounts
2021-08-02,facebook,Lookalike,Broad,23159,34744,100562,1413,8,19194,you_might_like
2021-08-02,facebook,Lookalike,Broad new,4608,11202,15743,241,5,5981,you_might_like
2021-08-02,facebook,Promos,Parents,4617,27888,10423,181,2,7054,discounts
2021-08-02,facebook,Wholesale,Interests,7714,27380,10575,146,5,11913,hobby
2021-08-02,facebook,Wholesale,Wide,3577,4151,6889,16,1,3001,cheap
2021-08-02,google,Crazy discounts,Improvement,1587,9059,15255,160,9,1226,
2021-08-02,google,Electronics,Narrow,24147,55535,85747,330,2,32438,discounts
2021-08-02,google,New items,Development,3279,7803,15570,218,1,3901,
2021-08-02,google,Promos,Parents,3599,14347,11075,52,2,3896,discounts
2021-08-02,google,Wholesale,Wide,2391,4220,9158,34,2,3453,cheap
2021-08-03,facebook,Brand,Reach 2,640,15864,12990,4,0,1049,recognition
2021-08-03,facebook,Crazy discounts,Improvement,1141,8907,24735,118,5,981,
2021-08-03,facebook,Electronics,Narrow,15930,77477,45479,886,1,13226,discounts
2021-08-03,facebook,Lookalike,Broad,21654,83830,136611,406,11,28806,you_might_like
2021-08-03,facebook,Lookalike,Broad new,7093,8709,12438,155,1,7536,you_might_like
2021-08-03,facebook,New items,Development,3753,14489,12640,90,0,4879,
2021-08-03,facebook,Wholesale,Interests,12305,15361,19676,292,6,12287,hobby
2021-08-03,facebook,Wholesale,Wide,2039,4719,4307,10,1,1760,cheap
2021-08-03,google,Crazy discounts,Improvement,1617,17519,22746,138,1,1085,
2021-08-03,google,Promos,Parents,5020,11447,7594,104,0,7294,discounts
2021-08-03,google,Wholesale,Interests,7366,28850,6535,53,8,5057,hobby
2021-08-04,facebook,Brand,Reach 2,846,6563,17905,7,0,1304,recognition
2021-08-04,facebook,Crazy discounts,Improvement,3031,19522,25297,582,2,3997,
2021-08-04,facebook,Electronics,Narrow,19006,98663,53354,728,5,18634,discounts
2021-08-04,facebook,Lookalike,Broad,26537,143900,65246,1499,31,28809,you_might_like
2021-08-04,facebook,Lookalike,Broad new,5935,5607,5962,176,0,7528,you_might_like
2021-08-04,facebook,New items,Development,3359,9172,11065,85,5,5216,
2021-08-04,facebook,Promos,Parents,2914,24364,4884,153,3,4217,discounts
2021-08-04,facebook,Wholesale,Interests,14641,16189,6082,106,2,16571,hobby
2021-08-04,facebook,Wholesale,Wide,595,1012,1465,21,0,786,cheap
2021-08-04,google,Crazy discounts,Improvement,2369,22668,13101,343,6,2271,
2021-08-04,google,Electronics,Narrow,25567,43569,19298,390,4,31926,discounts
2021-08-04,google,Wholesale,Interests,7356,4258,5152,184,0,6696,hobby
2021-08-04,google,Wholesale,Wide,936,2625,2496,21,1,701,cheap
2021-08-05,facebook,Brand,Reach 2,796,2960,3420,2,0,608,recognition
2021-08-05,facebook,Crazy discounts,Improvement,969,17054,25334,306,6,1284,
2021-08-05,facebook,Electronics,Narrow,14758,107085,44589,739,6,23128,discounts
2021-08-05,facebook,Lookalike,Broad,35695,133513,118614,742,9,49716,you_might_like
2021-08-05,facebook,New items,Development,2608,9704,7533,50,1,4206,
2021-08-05,facebook,Wholesale,Interests,2505,24710,11357,101,7,2170,hobby
2021-08-05,facebook,Wholesale,Wide,2366,1846,1065,18,0,2733,cheap
2021-08-05,google,Electronics,Narrow,6711,110292,91064,818,12,9519,discounts
2021-08-05,google,Wholesale,Interests,3885,16058,21165,200,8,3119,hobby
2021-08-06,facebook,Brand,Reach 2,432,14286,14186,3,0,525,recognition
2021-08-06,facebook,Crazy discounts,Improvement,1079,13330,22768,484,1,1228,
2021-08-06,facebook,Electronics,Narrow,39949,41571,103042,298,9,56758,discounts
2021-08-06,facebook,Lookalike,Broad,36222,57555,35030,1543,2,54863,you_might_like
2021-08-06,facebook,Lookalike,Broad new,5030,15989,7840,145,6,4882,you_might_like
2021-08-06,facebook,New items,Development,2494,8177,10491,233,0,2164,
2021-08-06,facebook,Promos,Parents,2732,9959,14236,104,2,4018,discounts
2021-08-06,facebook,Wholesale,Interests,5823,6744,9726,129,6,5771,hobby
2021-08-06,facebook,Wholesale,Wide,1843,3509,3092,25,0,2535,cheap
2021-08-06,google,Crazy discounts,Improvement,2472,5756,7788,413,6,2546,
2021-08-06,google,Electronics,Narrow,11757,57096,84286,497,10,8233,discounts
2021-08-06,google,Promos,Parents,4604,19405,15079,105,1,3593,discounts
2021-08-06,google,Wholesale,Interests,11731,19501,6267,162,6,16431,hobby
2021-08-06,google,Wholesale,Wide,607,1003,2012,11,0,447,cheap
2021-08-07,facebook,Brand,Reach 2,629,4539,11306,2,0,646,recognition
2021-08-07,facebook,Crazy discounts,Improvement,3305,10530,20965,354,2,4160,
2021-08-07,facebook,Lookalike,Broad,8872,92769,40355,1057,32,13672,you_might_like
2021-08-07,facebook,Lookalike,Broad new,8506,18070,18446,188,6,13158,you_might_like
2021-08-07,facebook,New items,Development,1678,15620,7494,375,1,2153,
2021-08-07,facebook,Promos,Parents,3125,18688,23308,51,1,4415,discounts
2021-08-07,facebook,Wholesale,Interests,3222,20313,31234,78,0,3641,hobby
2021-08-07,facebook,Wholesale,Wide,1416,3557,1076,24,0,1541,cheap
2021-08-07,google,Crazy discounts,Improvement,1753,16871,12261,231,4,1163,
2021-08-07,google,Electronics,Narrow,28251,141012,42348,765,1,44216,discounts
2021-08-07,google,New items,Development,2428,6447,2769,57,3,3479,
2021-08-07,google,Wholesale,Interests,8642,16977,16307,171,5,13009,hobby
2021-08-07,google,Wholesale,Wide,1254,439,2815,15,0,1357,cheap
2021-08-08,facebook,Brand,Reach 2,579,16221,10248,6,0,446,recognition
2021-08-08,facebook,Crazy discounts,Improvement,2006,20096,12727,161,2,2240,
2021-08-08,facebook,Electronics,Narrow,21487,90544,118788,442,5,28184,discounts
2021-08-08,facebook,Lookalike,Broad,6563,135313,73959,657,32,9888,you_might_like
2021-08-08,facebook,Lookalike,Broad new,1601,9288,6679,154,3,2334,you_might_like
2021-08-08,facebook,New items,Development,1282,14956,11560,179,3,1466,
2021-08-08,facebook,Promos,Parents,6092,14778,10372,146,0,9298,discounts
2021-08-08,facebook,Wholesale,Wide,1635,3343,4070,25,1,1244,cheap
2021-08-08,google,Crazy discounts,Improvement,855,21939,4354,325,0,733,
2021-08-08,google,Electronics,Narrow,22239,76835,51064,905,10,23473,discounts
2021-08-08,google,Wholesale,Interests,5780,25688,21571,91,1,7567,hobby
2021-08-08,google,Wholesale,Wide,914,977,4232,13,0,1085,cheap
2021-08-09,facebook,Brand,Reach 2,269,16225,14747,2,0,345,recognition
2021-08-09,facebook,Crazy discounts,Improvement,1990,5968,11422,333,6,3230,
2021-08-09,facebook,Electronics,Narrow,7264,54081,35319,591,13,6765,discounts
2021-08-09,facebook,Lookalike,Broad,17105,130006,80373,921,11,18478,you_might_like
2021-08-09,facebook,Lookalike,Broad new,4526,3019,4716,154,5,7765,you_might_like
2021-08-09,facebook,New items,Development,0,0,0,0,0,0,
2021-08-09,facebook,Promos,Parents,2669,16688,9023,57,2,4452,discounts
2021-08-09,facebook,Wholesale,Interests,8919,10324,10431,79,4,15313,hobby
2021-08-09,facebook,Wholesale,Wide,2311,5850,2039,23,0,3006,cheap
2021-08-09,google,Electronics,Narrow,35562,34739,16609,174,11,34120,discounts
2021-08-09,google,New items,Development,0,0,0,0,0,0,
2021-08-09,google,Wholesale,Interests,1282,15760,19476,109,5,1775,hobby
2021-08-09,google,Wholesale,Wide,718,1961,852,17,0,615,cheap
2021-08-10,facebook,Brand,Reach 2,682,11879,6593,2,0,748,recognition
2021-08-10,facebook,Crazy discounts,Improvement,2597,6001,7637,186,5,4098,
2021-08-10,facebook,Electronics,Narrow,11214,106771,112194,830,13,10262,discounts
2021-08-10,facebook,Lookalike,Broad,25167,117116,82598,711,29,27945,you_might_like
2021-08-10,facebook,Lookalike,Broad new,7978,14470,11910,133,4,7124,you_might_like
2021-08-10,facebook,New items,Development,751,5469,1933,19,1,1200,
2021-08-10,facebook,Promos,Parents,6020,26065,11191,97,0,7204,discounts
2021-08-10,facebook,Wholesale,Interests,4555,27420,9050,92,1,7913,hobby
2021-08-10,google,New items,Development,987,4069,1402,48,0,1603,
2021-08-10,google,Promos,Parents,1097,16208,5313,100,1,1219,discounts
2021-08-10,google,Wholesale,Interests,6999,30093,29411,24,2,5881,hobby
2021-08-10,google,Wholesale,Wide,618,3433,1831,2,1,950,cheap
2021-08-11,facebook,Brand,Reach 2,783,8374,3116,5,0,602,recognition
2021-08-11,facebook,Crazy discounts,Improvement,2323,15004,10409,95,7,3457,
2021-08-11,facebook,Electronics,Narrow,14505,134249,99892,729,3,23569,discounts
2021-08-11,facebook,Lookalike,Broad,28805,95292,65496,1007,18,24581,you_might_like
2021-08-11,facebook,Lookalike,Broad new,5629,5746,6917,171,5,5688,you_might_like
2021-08-11,facebook,New items,Development,1445,6130,1845,42,1,1704,
2021-08-11,facebook,Wholesale,Interests,11263,17198,31704,145,7,11920,hobby
2021-08-11,facebook,Wholesale,Wide,4076,7840,6974,37,1,6213,cheap
2021-08-11,google,Crazy discounts,Improvement,2670,5272,13393,44,7,2887,
2021-08-11,google,Electronics,Narrow,35915,43152,27321,512,10,53327,discounts
2021-08-11,google,Wholesale,Wide,2457,3093,5838,31,2,1790,cheap
2021-08-12,facebook,Brand,Reach 2,220,13026,12430,4,0,326,recognition
2021-08-12,facebook,Electronics,Narrow,31306,26691,42403,767,7,51225,discounts
2021-08-12,facebook,Lookalike,Broad,15337,151554,91668,1358,10,26722,you_might_like
2021-08-12,facebook,Lookalike,Broad new,3082,10840,3436,70,0,4355,you_might_like
2021-08-12,facebook,New items,Development,575,1865,1918,75,2,745,
2021-08-12,facebook,Promos,Parents,1291,15923,6704,62,3,2271,discounts
2021-08-12,facebook,Wholesale,Interests,9160,5830,11393,143,3,9691,hobby
2021-08-12,facebook,Wholesale,Wide,2488,5141,5636,17,3,3501,cheap
2021-08-12,google,Crazy discounts,Improvement,2265,15420,5478,105,4,3718,
2021-08-12,google,Electronics,Narrow,33399,87597,20170,663,6,46593,discounts
2021-08-12,google,New items,Development,2425,2948,5164,72,1,3173,
2021-08-12,google,Promos,Parents,4433,7302,16455,31,1,4210,discounts
2021-08-12,google,Wholesale,Interests,1329,4313,12858,22,3,2025,hobby
2021-08-12,google,Wholesale,Wide,1473,1855,2355,18,1,1550,cheap
2021-08-13,facebook,Brand,Reach 2,287,6717,2308,3,0,236,recognition
2021-08-13,facebook,Crazy discounts,Improvement,3488,8930,7091,296,3,5886,
2021-08-13,facebook,Lookalike,Broad,18266,98595,82198,1101,21,18625,you_might_like
2021-08-13,facebook,Lookalike,Broad new,6011,4875,6509,40,1,8218,you_might_like
2021-08-13,facebook,New items,Development,3275,13407,13397,306,4,4108,
2021-08-13,facebook,Promos,Parents,4211,12735,10638,142,1,6133,discounts
2021-08-13,facebook,Wholesale,Interests,6434,28461,36429,128,2,10123,hobby
2021-08-13,facebook,Wholesale,Wide,502,6170,2919,44,1,573,cheap
2021-08-13,google,Crazy discounts,Improvement,2196,3537,3314,91,1,2358,
2021-08-13,google,Electronics,Narrow,9178,111716,30757,833,1,9649,discounts
2021-08-13,google,New items,Development,4738,13504,10462,249,5,6472,
2021-08-13,google,Wholesale,Interests,3269,5618,25697,105,8,2439,hobby
2021-08-13,google,Wholesale,Wide,1327,4651,2356,13,2,980,cheap
2021-08-14,facebook,Brand,Reach 2,381,5871,11030,3,0,451,recognition
2021-08-14,facebook,Crazy discounts,Improvement,2411,15020,17621,190,4,1831,
2021-08-14,facebook,Electronics,Narrow,6623,92507,25499,420,1,5045,discounts
2021-08-14,facebook,Lookalike,Broad,18616,101731,141991,450,25,27475,you_might_like
2021-08-14,facebook,Lookalike,Broad new,7229,9176,3819,59,1,9950,you_might_like
2021-08-14,facebook,New items,Development,5117,12437,7850,291,4,6151,
2021-08-14,facebook,Promos,Parents,1195,16303,14896,91,1,2729,discounts
2021-08-14,facebook,Wholesale,Interests,7613,32623,16128,123,2,9571,hobby
2021-08-14,google,Crazy discounts,Improvement,2205,8514,5671,121,6,3427,
2021-08-14,google,New items,Development,4359,6847,10782,84,2,3249,
2021-08-14,google,Promos,Parents,1767,3259,6096,96,0,1160,discounts
2021-08-14,google,Wholesale,Wide,2210,5707,3606,11,1,2187,cheap
2021-08-15,facebook,Brand,Reach 2,754,8837,5300,1,0,1195,recognition
2021-08-15,facebook,Crazy discounts,Improvement,2640,17296,12902,116,1,3934,
2021-08-15,facebook,Electronics,Narrow,43823,94314,124063,796,1,65139,discounts
2021-08-15,facebook,Lookalike,Broad,29823,100231,147378,256,17,31502,you_might_like
2021-08-15,facebook,New items,Development,5624,6138,6207,84,1,4888,
2021-08-15,facebook,Promos,Parents,5798,3668,11714,107,2,10496,discounts
2021-08-15,facebook,Wholesale,Interests,3885,20519,28311,143,3,4150,hobby
2021-08-15,facebook,Wholesale,Wide,3397,7670,7151,41,1,3166,cheap
2021-08-15,google,Crazy discounts,Improvement,2267,7195,8487,83,3,3307,
2021-08-15,google,Electronics,Narrow,26805,33818,63089,369,11,41080,discounts
2021-08-15,google,New items,Development,3599,22407,3447,346,6,5820,
2021-08-15,google,Promos,Parents,6625,15238,1755,67,2,5956,discounts
2021-08-15,google,Wholesale,Interests,11152,18999,36545,128,3,17717,hobby
2021-08-15,google,Wholesale,Wide,1102,1351,4297,35,0,925,cheap
2021-08-16,facebook,Brand,Reach 2,189,2159,2756,0,0,264,recognition
2021-08-16,facebook,Crazy discounts,Improvement,1017,15372,18629,273,1,900,
2021-08-16,facebook,Electronics,Narrow,21635,51860,136401,1025,1,27796,discounts
2021-08-16,facebook,Lookalike,Broad,7176,150618,86144,1621,23,7927,you_might_like
2021-08-16,facebook,Lookalike,Broad new,4179,18983,12790,319,2,3194,you_might_like
2021-08-16,facebook,New items,Development,5600,10607,16850,261,1,8079,
2021-08-16,facebook,Promos,Parents,992,20464,19319,45,1,2062,discounts
2021-08-16,facebook,Wholesale,Interests,7070,35955,26451,224,6,10008,hobby
2021-08-16,facebook,Wholesale,Wide,1347,2471,7318,31,0,1608,cheap
2021-08-16,google,Electronics,Narrow,8208,66182,37995,269,12,7126,discounts
2021-08-16,google,New items,Development,3752,17279,14974,213,5,2801,
2021-08-16,google,Promos,Parents,3201,3020,3073,74,2,2681,discounts
2021-08-16,google,Wholesale,Wide,1772,4997,7241,46,1,1989,cheap
2021-08-17,facebook,Crazy discounts,Improvement,499,538,2994,16,1,626,
2021-08-17,facebook,Electronics,Narrow,32568,123179,68975,750,8,55345,discounts
2021-08-17,facebook,Lookalike,Broad,12511,38490,24578,273,12,21453,you_might_like
2021-08-17,facebook,Lookalike,Broad new,2843,7188,4401,86,3,4408,you_might_like
2021-08-17,facebook,New items,Development,5200,9078,4974,290,4,6196,
2021-08-17,facebook,Promos,Parents,3665,12257,7079,122,1,4415,discounts
2021-08-17,facebook,Wholesale,Interests,9218,8132,14404,207,0,11227,hobby
2021-08-17,facebook,Wholesale,Wide,564,3892,4825,42,1,828,cheap
2021-08-17,google,Crazy discounts,Improvement,188,1681,1632,9,0,197,
2021-08-17,google,Electronics,Narrow,35888,100834,39799,166,12,52608,discounts
2021-08-17,google,New items,Development,953,17624,14078,163,3,1043,
2021-08-17,google,Promos,Parents,4326,3425,13237,27,0,6299,discounts
2021-08-17,google,Wholesale,Interests,8318,4976,10179,71,7,7485,hobby
2021-08-18,facebook,Crazy discounts,Improvement,2876,11224,19354,148,3,4366,
2021-08-18,facebook,Electronics,Narrow,39846,69406,93218,564,11,30219,discounts
2021-08-18,facebook,Lookalike,Broad,14849,25545,31711,649,21,20105,you_might_like
2021-08-18,facebook,Lookalike,Broad new,1340,3697,5699,52,0,2175,you_might_like
2021-08-18,facebook,New items,Development,2661,11814,10066,386,6,2305,
2021-08-18,facebook,Promos,Parents,4479,5315,14558,76,1,10292,discounts
2021-08-18,facebook,Wholesale,Interests,10390,30165,10804,51,5,12688,hobby
2021-08-18,facebook,Wholesale,Wide,1729,4145,3537,6,0,2124,cheap
2021-08-18,google,Crazy discounts,Improvement,1230,18514,9833,65,5,2028,
2021-08-18,google,Electronics,Narrow,25576,24998,68854,570,6,20482,discounts
2021-08-18,google,Promos,Parents,1892,11340,13950,46,1,1487,discounts
2021-08-18,google,Wholesale,Wide,1534,891,2843,5,0,2507,cheap
2021-08-19,facebook,Crazy discounts,Improvement,3259,24899,16911,75,4,4055,
2021-08-19,facebook,Electronics,Narrow,15258,141516,105145,766,3,23338,discounts
2021-08-19,facebook,Lookalike,Broad new,3261,4958,1357,85,2,3452,you_might_like
2021-08-19,facebook,New items,Development,3348,16020,16629,148,4,5389,
2021-08-19,facebook,Promos,Parents,3674,6224,13101,99,1,4057,discounts
2021-08-19,facebook,Wholesale,Interests,9703,26754,23011,34,6,10587,hobby
2021-08-19,facebook,Wholesale,Wide,2972,4164,4387,32,0,2460,cheap
2021-08-19,google,New items,Development,3791,8493,9542,139,0,6236,
2021-08-19,google,Promos,Parents,1646,8224,14570,151,3,1704,discounts
2021-08-19,google,Wholesale,Interests,7226,22136,26005,95,4,7067,hobby
2021-08-19,google,Wholesale,Wide,1929,5076,1577,28,0,1706,cheap
2021-08-20,facebook,Crazy discounts,Improvement,2244,8681,6570,46,4,1859,
2021-08-20,facebook,Electronics,Narrow,26287,45182,123782,614,7,26933,discounts
2021-08-20,facebook,Lookalike,Broad,18527,99411,45000,752,21,31410,you_might_like
2021-08-20,facebook,Lookalike,Broad new,2230,5405,2483,44,1,2138,you_might_like
2021-08-20,facebook,New items,Development,4724,6271,3840,319,5,4944,
2021-08-20,facebook,Promos,Parents,8263,10526,13721,197,1,14187,discounts
2021-08-20,facebook,Wholesale,Interests,3111,22953,34598,74,6,3906,hobby
2021-08-20,facebook,Wholesale,Wide,2712,4962,2786,17,0,2341,cheap
2021-08-20,google,Crazy discounts,Improvement,1457,16382,6481,85,4,2291,
2021-08-20,google,Electronics,Narrow,36897,45568,32448,126,7,47507,discounts
2021-08-20,google,Wholesale,Interests,4496,26566,25293,83,3,3391,hobby
2021-08-20,google,Wholesale,Wide,990,4798,3874,6,1,1539,cheap
2021-08-21,facebook,Crazy discounts,Improvement,1650,18086,20166,311,1,2819,
2021-08-21,facebook,Electronics,Narrow,42480,31572,60022,658,11,60103,discounts
2021-08-21,facebook,Lookalike,Broad,25359,51395,25270,748,21,19395,you_might_like
2021-08-21,facebook,Lookalike,Broad new,939,763,2144,95,0,1473,you_might_like
2021-08-21,facebook,New items,Development,2680,6305,4490,269,1,2226,
2021-08-21,facebook,Promos,Parents,3134,31247,26566,171,2,6362,discounts
2021-08-21,facebook,Wholesale,Interests,6409,36432,9017,32,4,8529,hobby
2021-08-21,facebook,Wholesale,Wide,2326,3939,3835,29,0,2273,cheap
2021-08-21,google,New items,Development,3086,13617,3948,204,1,4004,
2021-08-21,google,Wholesale,Interests,9535,18035,18546,156,5,10073,hobby
2021-08-21,google,Wholesale,Wide,583,3122,2370,13,0,813,cheap
2021-08-22,facebook,Crazy discounts,Improvement,2687,2856,10231,147,0,4082,
2021-08-22,facebook,Electronics,Narrow,33051,105017,29155,1014,2,34241,discounts
2021-08-22,facebook,Lookalike,Broad,10738,120256,100113,1268,26,12652,you_might_like
2021-08-22,facebook,Lookalike,Broad new,1762,4022,1018,53,1,2952,you_might_like
2021-08-22,facebook,New items,Development,5777,4447,6349,177,5,5195,
2021-08-22,facebook,Wholesale,Interests,5348,38797,27590,187,4,7694,hobby
2021-08-22,facebook,Wholesale,Wide,1881,3255,4434,16,1,2143,cheap
2021-08-22,google,Crazy discounts,Improvement,927,7533,6007,287,2,1050,
2021-08-22,google,Electronics,Narrow,22269,107699,22115,457,10,16618,discounts
2021-08-22,google,New items,Development,6655,17681,12196,169,0,9627,
2021-08-22,google,Promos,Parents,4458,12923,9982,124,0,5171,discounts
2021-08-22,google,Wholesale,Interests,5469,17081,15979,94,2,4166,hobby
2021-08-22,google,Wholesale,Wide,825,3078,4175,17,1,858,cheap
2021-08-23,facebook,Crazy discounts,Improvement,2008,11632,3886,258,5,1583,
2021-08-23,facebook,Electronics,Narrow,35226,40279,32070,797,15,30196,discounts
2021-08-23,facebook,Lookalike,Broad,11654,82750,41163,752,25,15874,you_might_like
2021-08-23,facebook,Lookalike,Broad new,1417,4367,1489,78,2,2247,you_might_like
2021-08-23,facebook,New items,Development,4216,12907,16844,331,2,6255,
2021-08-23,facebook,Promos,Parents,2680,18662,12945,146,1,4562,discounts
2021-08-23,facebook,Wholesale,Interests,6254,21388,13415,123,6,6486,hobby
2021-08-23,facebook,Wholesale,Wide,1856,5812,2144,8,0,2402,cheap
2021-08-23,google,New items,Development,6758,13792,14006,285,6,10888,
2021-08-23,google,Promos,Parents,6811,9703,21415,104,2,5921,discounts
2021-08-23,google,Wholesale,Interests,7282,7916,15424,129,2,10154,hobby
2021-08-23,google,Wholesale,Wide,1192,920,2693,7,1,1705,cheap
2021-08-24,facebook,Crazy discounts,Improvement,1238,10748,9681,345,2,1567,
2021-08-24,facebook,Electronics,Narrow,10844,116059,25864,541,9,15334,discounts
2021-08-24,facebook,Lookalike,Broad,10053,115039,70938,1356,1,10052,you_might_like
2021-08-24,facebook,Lookalike,Broad new,2014,3672,1631,89,1,1985,you_might_like
2021-08-24,facebook,New items,Development,4538,17199,11047,198,0,4746,
2021-08-24,facebook,Wholesale,Interests,5478,12035,17800,49,1,4763,hobby
2021-08-24,facebook,Wholesale,Wide,1795,6558,2757,9,1,1812,cheap
2021-08-24,google,Crazy discounts,Improvement,1894,10783,14432,148,1,2806,
2021-08-24,google,Electronics,Narrow,8744,78468,23656,294,10,14349,discounts
2021-08-24,google,New items,Development,4377,13804,6783,61,3,4040,
2021-08-24,google,Promos,Parents,2130,25998,9406,198,1,1687,discounts
2021-08-24,google,Wholesale,Interests,10289,4962,12801,137,6,12179,hobby
2021-08-25,facebook,Crazy discounts,Improvement,1072,10228,14444,91,3,1433,
2021-08-25,facebook,Lookalike,Broad,24969,87086,27960,294,8,19335,you_might_like
2021-08-25,facebook,Lookalike,Broad new,1906,5610,1837,61,1,2441,you_might_like
2021-08-25,facebook,New items,Development,1060,2394,4685,55,2,1608,
2021-08-25,facebook,Promos,Parents,2930,12705,31573,105,5,3904,discounts
2021-08-25,facebook,Wholesale,Interests,10825,14108,15870,87,7,10829,hobby
2021-08-25,facebook,Wholesale,Wide,1416,5571,4540,15,1,1567,cheap
2021-08-25,google,Crazy discounts,Improvement,1217,6586,11402,202,5,1905,
2021-08-25,google,Electronics,Narrow,31033,97634,68662,611,5,31506,discounts
2021-08-25,google,New items,Development,877,3319,4382,128,0,1168,
2021-08-25,google,Wholesale,Interests,4785,14133,5777,166,2,4003,hobby
2021-08-26,facebook,Electronics,Narrow,12907,19278,58337,216,13,20417,discounts
2021-08-26,facebook,Lookalike,Broad,25389,90119,88629,435,11,34122,you_might_like
2021-08-26,facebook,Lookalike,Broad new,2133,2907,1171,69,1,2060,you_might_like
2021-08-26,facebook,Promos,Parents,1556,29000,26473,209,3,2371,discounts
2021-08-26,facebook,Wholesale,Interests,2564,17959,14040,101,9,2569,hobby
2021-08-26,facebook,Wholesale,Wide,1537,2904,833,15,0,2069,cheap
2021-08-26,google,Electronics,Narrow,15246,28026,48569,214,12,21434,discounts
2021-08-26,google,Promos,Parents,5771,25307,14061,132,3,6537,discounts
2021-08-26,google,Wholesale,Interests,3671,22015,21785,204,7,5000,hobby
2021-08-26,google,Wholesale,Wide,1485,367,2781,6,1,2100,cheap
2021-08-27,facebook,Crazy discounts,Improvement,2870,15577,17418,147,3,2849,
2021-08-27,facebook,Electronics,Narrow,23456,98245,72740,863,12,26387,discounts
2021-08-27,facebook,Lookalike,Broad,23609,79205,75276,412,14,23420,you_might_like
2021-08-27,facebook,Lookalike,Broad new,1930,1487,4117,24,1,2265,you_might_like
2021-08-27,facebook,Promos,Parents,3668,37801,24589,174,1,8483,discounts
2021-08-27,facebook,Wholesale,Interests,14584,5616,6607,199,4,17328,hobby
2021-08-27,facebook,Wholesale,Wide,1565,2811,2403,10,1,2503,cheap
2021-08-27,google,Crazy discounts,Improvement,1480,3515,9056,127,3,2211,
2021-08-27,google,Promos,Parents,5625,18074,25979,161,1,8004,discounts
2021-08-27,google,Wholesale,Interests,4488,27893,5495,178,7,5865,hobby
2021-08-28,facebook,Crazy discounts,Improvement,2187,15524,8410,164,2,2633,
2021-08-28,facebook,Electronics,Narrow,30697,109558,90456,884,1,49403,discounts
2021-08-28,facebook,Lookalike,Broad,21029,86465,35480,1039,14,18823,you_might_like
2021-08-28,facebook,New items,Development,0,0,0,0,0,0,
2021-08-28,facebook,Promos,Parents,4080,8550,30315,306,4,7402,discounts
2021-08-28,facebook,Wholesale,Interests,11635,12143,29948,119,4,19242,hobby
2021-08-28,facebook,Wholesale,Wide,2236,4706,1951,38,1,1701,cheap
2021-08-28,google,Crazy discounts,Improvement,2972,5914,9288,250,5,2758,
2021-08-28,google,Electronics,Narrow,30781,69023,21290,616,7,22729,discounts
2021-08-28,google,New items,Development,0,0,0,0,0,0,
2021-08-28,google,Promos,Parents,4842,26756,8860,85,5,5752,discounts
2021-08-28,google,Wholesale,Interests,9196,19434,7289,82,5,7106,hobby
2021-08-28,google,Wholesale,Wide,1043,4817,1968,24,1,1550,cheap
2021-08-29,facebook,Crazy discounts,Improvement,1495,13913,9466,150,1,1594,
2021-08-29,facebook,Electronics,Narrow,24329,69156,29146,465,13,41989,discounts
2021-08-29,facebook,Lookalike,Broad,19237,86638,105487,252,29,33308,you_might_like
2021-08-29,facebook,Lookalike,Broad new,883,1737,2431,29,0,946,you_might_like
2021-08-29,facebook,Promos,Parents,5787,10246,27313,77,2,13161,discounts
2021-08-29,facebook,Wholesale,Interests,6420,5883,18925,57,6,9952,hobby
2021-08-29,facebook,Wholesale,Wide,1580,4232,3934,8,1,1904,cheap
2021-08-29,google,Electronics,Narrow,11206,23068,86755,385,9,12915,discounts
2021-08-29,google,Promos,Parents,8951,7772,5512,311,2,11288,discounts
2021-08-29,google,Wholesale,Interests,8042,32019,24193,167,4,10546,hobby
2021-08-29,google,Wholesale,Wide,2585,2483,4984,37,0,3650,cheap
2021-08-30,facebook,Crazy discounts,Improvement,2693,7475,2782,293,4,2702,
2021-08-30,facebook,Electronics,Narrow,41534,36300,62820,448,5,69376,discounts
2021-08-30,facebook,Lookalike,Broad,13415,96043,74126,1043,16,20821,you_might_like
2021-08-30,facebook,Lookalike,Broad new,321,2284,3648,14,0,523,you_might_like
2021-08-30,facebook,Promos,Parents,7036,7842,39337,274,2,15911,discounts
2021-08-30,facebook,Wholesale,Interests,13538,23869,14841,88,1,10555,hobby
2021-08-30,facebook,Wholesale,Wide,2806,3441,6049,14,0,3537,cheap
2021-08-30,google,Electronics,Narrow,22557,85526,56410,409,11,18536,discounts
2021-08-30,google,Wholesale,Interests,2768,4158,18975,200,7,3704,hobby
2021-08-30,google,Wholesale,Wide,1300,4842,5072,33,2,975,cheap
2021-08-31,facebook,Crazy discounts,Improvement,790,11078,10422,103,1,1340,
2021-08-31,facebook,Electronics,Narrow,6119,86327,39427,222,6,10347,discounts
2021-08-31,facebook,Lookalike,Broad,22141,40249,23798,830,11,31517,you_might_like
2021-08-31,facebook,Lookalike,Broad new,645,1652,2496,11,0,687,you_might_like
2021-08-31,facebook,New items,Development,0,0,0,0,0,0,
2021-08-31,facebook,Promos,Parents,7455,24286,31420,276,1,12622,discounts
2021-08-31,facebook,Wholesale,Interests,2332,14090,22324,197,1,3157,hobby
2021-08-31,facebook,Wholesale,Wide,989,2491,4258,22,0,818,cheap
2021-08-31,google,Electronics,Narrow,11692,14118,77956,334,11,15180,discounts
2021-08-31,google,Promos,Parents,8409,28566,5976,125,1,9253,discounts
2021-08-31,google,Wholesale,Wide,791,812,3280,10,1,1050,cheap
2021-09-01,facebook,Crazy discounts,Improvement,3347,18238,8333,65,4,3892,
2021-09-01,facebook,Electronics,Narrow,19395,85797,20369,834,9,32333,discounts
2021-09-01,facebook,Lookalike,Broad,5047,82832,107833,400,2,6293,you_might_like
2021-09-01,facebook,Lookalike,Broad new,1423,2213,2363,31,0,2340,you_might_like
2021-09-01,facebook,Promos,Parents,3456,12498,10430,325,4,8191,discounts
2021-09-01,facebook,Wholesale,Interests,6425,13416,19646,91,2,5212,hobby
2021-09-01,facebook,Wholesale,Wide,1485,4396,3977,28,1,1195,cheap
2021-09-01,google,Electronics,Narrow,37172,128102,59353,662,8,57921,discounts
2021-09-01,google,Promos,Parents,9435,31766,20784,170,0,15270,discounts
2021-09-02,facebook,Crazy discounts,Improvement,1477,8245,5883,48,4,2441,
2021-09-02,facebook,Lookalike,Broad,15981,74599,48325,1063,20,21351,you_might_like
2021-09-02,facebook,Lookalike,Broad new,1465,3535,1643,60,0,1662,you_might_like
2021-09-02,facebook,Promos,Parents,4534,23450,21367,243,4,6263,discounts
2021-09-02,facebook,Wholesale,Interests,7000,24323,7023,218,3,7617,hobby
2021-09-02,facebook,Wholesale,Wide,2001,921,1374,25,0,1557,cheap
2021-09-02,google,Crazy discounts,Improvement,1562,11394,16902,209,4,2564,
2021-09-02,google,Promos,Parents,2051,7213,26664,265,1,1800,discounts
2021-09-02,google,Wholesale,Interests,12089,4112,14796,50,2,16518,hobby
2021-09-02,google,Wholesale,Wide,1566,3217,1130,13,1,1429,cheap
2021-09-03,facebook,Crazy discounts,Improvement,911,19262,18001,318,6,1005,
2021-09-03,facebook,Electronics,Narrow,38244,76038,52192,445,14,39881,discounts
2021-09-03,facebook,Lookalike,Broad,14006,53367,41220,378,0,23001,you_might_like
2021-09-03,facebook,Lookalike,Broad new,1432,1339,2826,34,1,1590,you_might_like
2021-09-03,facebook,Wholesale,Clean,1351,6325,3575,9,0,1830,cheap
2021-09-03,facebook,Wholesale,Interests,3494,6759,15570,100,5,4102,hobby
2021-09-03,google,Crazy discounts,Improvement,2977,2300,13603,188,4,4712,
2021-09-03,google,Electronics,Narrow,30007,85299,98251,540,8,38408,discounts
2021-09-03,google,Promos,Parents,10120,24903,3238,167,0,11163,discounts
2021-09-03,google,Wholesale,Clean,1312,2760,840,14,1,1219,cheap
2021-09-03,google,Wholesale,Interests,1993,14913,15259,17,4,1880,hobby
2021-09-03,google,Wholesale,Wide,726,3516,566,25,1,707,cheap
2021-09-04,facebook,Crazy discounts,Improvement,1824,11204,3114,176,6,1467,
2021-09-04,facebook,Electronics,Narrow,38400,107630,17342,602,1,36411,discounts
2021-09-04,facebook,Lookalike,Broad,8646,8784,29218,248,5,15128,you_might_like
2021-09-04,facebook,Lookalike,Broad new,859,1842,1435,3,0,863,you_might_like
2021-09-04,facebook,Lookalike,Trending new,26416,64164,53671,227,10,25566,тренд
2021-09-04,facebook,Promos,Parents,8069,19192,12373,250,2,17620,discounts
2021-09-04,facebook,Wholesale,Clean,10030,14409,16942,22,1,10727,cheap
2021-09-04,facebook,Wholesale,Wide,3517,3187,6969,25,0,4990,cheap
2021-09-04,google,Crazy discounts,Improvement,1468,1796,5589,159,6,2246,
2021-09-04,google,Electronics,Narrow,36603,44655,38526,221,6,26841,discounts
2021-09-04,google,Wholesale,Interests,3379,1491,7118,35,2,4692,hobby
2021-09-04,google,Wholesale,Wide,651,2834,4034,10,0,475,cheap
2021-09-05,facebook,Crazy discounts,Improvement,1475,3274,7507,165,2,1336,
2021-09-05,facebook,Electronics,Narrow,25688,31474,85972,613,0,23734,discounts
2021-09-05,facebook,Lookalike,Broad new,644,2574,931,5,1,966,you_might_like
2021-09-05,facebook,Lookalike,Trending new,8247,53193,46660,439,11,11518,тренд
2021-09-05,facebook,Promos,Parents,9323,15541,35413,69,6,20377,discounts
2021-09-05,facebook,Wholesale,Clean,4900,7897,14218,57,1,5795,cheap
2021-09-05,facebook,Wholesale,Interests,4882,7390,9249,51,2,5139,hobby
2021-09-05,facebook,Wholesale,Wide,2237,3603,3655,26,1,3290,cheap
2021-09-05,google,Electronics,Narrow,32003,102917,32340,109,4,21021,discounts
2021-09-05,google,Wholesale,Clean,2360,10489,7588,89,0,1990,cheap
2021-09-05,google,Wholesale,Wide,608,4861,1642,9,1,933,cheap
2021-09-06,facebook,Crazy discounts,Improvement,1347,9229,10621,155,3,1199,
2021-09-06,facebook,Electronics,Narrow,25487,85563,40865,672,15,34569,discounts
2021-09-06,facebook,Lookalike,Broad,3758,36752,38986,62,0,2902,you_might_like
2021-09-06,facebook,Lookalike,Broad new,1085,1108,549,14,0,845,you_might_like
2021-09-06,facebook,Lookalike,Trending new,9125,44910,11339,243,10,14569,тренд
2021-09-06,facebook,Promos,Parents,5642,7864,26142,164,3,5923,discounts
2021-09-06,facebook,Wholesale,Clean,6440,20287,4561,133,1,7930,cheap
2021-09-06,facebook,Wholesale,Interests,1005,8380,4402,29,1,1221,hobby
2021-09-06,google,Promos,Parents,9928,21586,26170,299,2,13080,discounts
2021-09-06,google,Wholesale,Clean,3223,9618,9205,45,1,4675,cheap
2021-09-06,google,Wholesale,Interests,3166,5195,1930,48,1,4571,hobby
2021-09-06,google,Wholesale,Wide,918,2641,2298,16,0,874,cheap
2021-09-07,facebook,Crazy discounts,Improvement,2774,11147,10362,178,2,3136,
2021-09-07,facebook,Electronics,Narrow,40008,66407,95664,704,1,51634,discounts
2021-09-07,facebook,Lookalike,Broad,6917,32203,8469,199,4,7419,you_might_like
2021-09-07,facebook,Lookalike,Broad new,1922,2295,1778,8,1,2757,you_might_like
2021-09-07,facebook,Lookalike,Trending new,4603,53438,13144,261,11,4644,тренд
2021-09-07,facebook,Promos,Parents,6576,11811,18287,180,2,7464,discounts
2021-09-07,facebook,Wholesale,Clean,5810,19992,17819,73,1,9527,cheap
2021-09-07,facebook,Wholesale,Interests,2763,13527,7619,22,1,4584,hobby
2021-09-07,facebook,Wholesale,Wide,188,905,2237,14,0,270,cheap
2021-09-07,google,Crazy discounts,Improvement,1721,9692,1837,64,3,2192,
2021-09-07,google,Wholesale,Clean,4854,8480,17401,82,0,7589,cheap
2021-09-07,google,Wholesale,Interests,1525,11798,6346,43,3,2113,hobby
2021-09-07,google,Wholesale,Wide,954,386,1459,8,0,1183,cheap
2021-09-08,facebook,Electronics,Narrow,31305,127916,86234,119,0,32491,discounts
2021-09-08,facebook,Lookalike,Broad,9846,10165,14337,67,0,12125,you_might_like
2021-09-08,facebook,Lookalike,Broad new,517,709,1029,10,0,743,you_might_like
2021-09-08,facebook,Lookalike,Trending new,20930,56299,26052,476,2,16138,тренд
2021-09-08,facebook,Promos,Parents,1795,17332,19752,219,3,1911,discounts
2021-09-08,facebook,Wholesale,Clean,8717,18575,9273,49,4,10915,cheap
2021-09-08,facebook,Wholesale,Interests,2168,7364,6285,49,2,2444,hobby
2021-09-08,facebook,Wholesale,Wide,1157,1147,1360,3,0,1470,cheap
2021-09-08,google,Crazy discounts,Improvement,558,10732,8722,71,2,600,
2021-09-08,google,Promos,Parents,9429,22382,20152,128,0,11544,discounts
2021-09-08,google,Wholesale,Clean,2951,4862,5720,16,4,3135,cheap
2021-09-08,google,Wholesale,Wide,283,1749,1918,14,0,242,cheap
2021-09-09,facebook,Brand,Reach 2,417,7102,2923,4,0,439,recognition
2021-09-09,facebook,Crazy discounts,Improvement,2091,5315,11364,83,1,2209,
2021-09-09,facebook,Electronics,Narrow,6694,34620,40420,458,8,10524,discounts
2021-09-09,facebook,Lookalike,Broad,2633,18729,10998,187,7,4409,you_might_like
2021-09-09,facebook,Lookalike,Broad new,598,3363,1673,22,0,590,you_might_like
2021-09-09,facebook,Lookalike,Trending new,16538,48785,46264,217,7,15399,тренд
2021-09-09,facebook,Promos,Parents,6150,26653,8555,80,1,13998,discounts
2021-09-09,facebook,Wholesale,Clean,4494,3725,2962,90,1,4539,cheap
2021-09-09,facebook,Wholesale,Interests,3025,5237,2495,62,2,3490,hobby
2021-09-09,google,Crazy discounts,Improvement,1252,15992,3997,144,4,1581,
2021-09-09,google,Electronics,Narrow,6872,81840,67733,325,6,7924,discounts
2021-09-09,google,Promos,Parents,5863,14588,8086,63,0,6189,discounts
2021-09-10,facebook,Brand,Reach 2,195,8089,10551,2,0,207,recognition
2021-09-10,facebook,Crazy discounts,Improvement,1818,10746,6751,38,4,2271,
2021-09-10,facebook,Electronics,Narrow,42850,37540,71331,269,10,37057,discounts
2021-09-10,facebook,Lookalike,Broad,15890,38919,15075,368,3,12886,you_might_like
2021-09-10,facebook,Lookalike,Broad new,854,2166,1458,22,1,1290,you_might_like
2021-09-10,facebook,Lookalike,Trending new,9917,34388,41365,170,4,8011,тренд
2021-09-10,facebook,Promos,Parents,1427,23940,17188,165,2,3033,discounts
2021-09-10,facebook,Wholesale,Clean,5951,8531,11553,25,0,5586,cheap
2021-09-10,facebook,Wholesale,Interests,1764,10792,12427,66,1,1387,hobby
2021-09-10,facebook,Wholesale,Wide,617,2929,1899,6,0,639,cheap
2021-09-10,google,Crazy discounts,Improvement,1411,10122,2271,115,2,1199,
2021-09-10,google,Electronics,Narrow,20913,72870,90820,209,3,16346,discounts
2021-09-10,google,Promos,Parents,1595,11950,13653,75,1,1957,discounts
2021-09-10,google,Wholesale,Clean,3987,4290,2966,25,1,2945,cheap
2021-09-10,google,Wholesale,Interests,4325,1616,7262,18,1,5883,hobby
2021-09-10,google,Wholesale,Wide,1590,1957,3833,19,0,1841,cheap
2021-09-11,facebook,Brand,Reach 2,732,2833,11496,2,0,568,recognition
2021-09-11,facebook,Crazy discounts,Improvement,2083,10148,3713,193,2,2735,
2021-09-11,facebook,Electronics,Narrow,14119,26177,69820,159,5,13472,discounts
2021-09-11,facebook,Lookalike,Broad,21751,55955,53406,132,8,24589,you_might_like
2021-09-11,facebook,Lookalike,Broad new,306,464,1813,6,0,508,you_might_like
2021-09-11,facebook,Promos,Parents,9834,33457,25617,103,1,20731,discounts
2021-09-11,facebook,Wholesale,Clean,2395,11666,2828,43,1,3637,cheap
2021-09-11,facebook,Wholesale,Interests,5665,12784,13012,26,3,6140,hobby
2021-09-11,facebook,Wholesale,Wide,1292,1554,1158,10,0,1112,cheap
2021-09-11,google,Crazy discounts,Improvement,352,12621,1802,150,2,389,
2021-09-11,google,Electronics,Narrow,15909,73548,36262,285,3,18280,discounts
2021-09-11,google,Promos,Parents,6742,20799,15906,206,1,9038,discounts
2021-09-11,google,Wholesale,Interests,1211,4426,4879,50,2,1289,hobby
2021-09-12,facebook,Crazy discounts,Improvement,1535,8880,11701,345,0,1280,
2021-09-12,facebook,Electronics,Narrow,18960,77612,67948,306,9,18706,discounts
2021-09-12,facebook,Lookalike,Broad,2640,47273,13647,108,12,4485,you_might_like
2021-09-12,facebook,Lookalike,Trending new,5599,23973,45107,74,10,8467,тренд
2021-09-12,facebook,Promos,Parents,6993,31789,31011,88,2,11903,discounts
2021-09-12,facebook,Wholesale,Clean,4514,12155,4910,91,0,4405,cheap
2021-09-12,google,Crazy discounts,Improvement,747,9763,1859,194,0,770,
2021-09-12,google,Electronics,Narrow,17294,89694,26082,191,4,22804,discounts
2021-09-12,google,Promos,Parents,8152,14733,11432,165,1,8531,discounts
2021-09-12,google,Wholesale,Clean,6952,11888,10120,52,1,8421,cheap
2021-09-13,facebook,Brand,Reach 2,132,11505,7442,1,0,153,recognition
2021-09-13,facebook,Crazy discounts,Improvement,1198,9856,7113,143,2,2084,
2021-09-13,facebook,Electronics,Narrow,13696,48660,46612,139,12,18500,discounts
2021-09-13,facebook,Lookalike,Broad,4811,45608,19212,193,4,7045,you_might_like
2021-09-13,facebook,Lookalike,Broad new,1571,2714,4004,16,1,1647,you_might_like
2021-09-13,facebook,Lookalike,Trending new,18484,61379,26566,313,3,21521,тренд
2021-09-13,facebook,Promos,Parents,2068,23664,14241,119,0,3842,discounts
2021-09-13,facebook,Wholesale,Clean,4529,13075,9675,73,1,7773,cheap
2021-09-13,facebook,Wholesale,Interests,6815,4866,3958,59,1,7293,hobby
2021-09-13,facebook,Wholesale,Wide,2853,6216,5846,23,1,4455,cheap
2021-09-13,google,Crazy discounts,Improvement,1991,3714,10741,56,3,2660,
2021-09-13,google,Promos,Parents,11383,15425,32249,62,2,9343,discounts
2021-09-13,google,Wholesale,Clean,2374,11336,1377,81,1,3524,cheap
2021-09-13,google,Wholesale,Interests,1173,1729,5238,43,0,1322,hobby
2021-09-13,google,Wholesale,Wide,2420,4982,5259,15,1,2689,cheap
2021-09-14,facebook,Brand,Reach 2,173,15498,2805,5,0,130,recognition
2021-09-14,facebook,Crazy discounts,Improvement,2129,17551,6171,340,3,1780,
2021-09-14,facebook,Electronics,Narrow,31171,28902,33850,693,11,34737,discounts
2021-09-14,facebook,Lookalike,Trending new,20387,13422,37084,376,13,34385,тренд
2021-09-14,facebook,Promos,Parents,7065,22233,25964,210,2,13152,discounts
2021-09-14,facebook,Wholesale,Clean,5184,9199,2791,61,2,6452,cheap
2021-09-14,facebook,Wholesale,Interests,4864,12698,3646,22,1,4751,hobby
2021-09-14,google,Crazy discounts,Improvement,2881,6790,9014,317,2,2075,
2021-09-14,google,Electronics,Narrow,23932,50032,42578,534,2,26468,discounts
2021-09-14,google,Promos,Parents,6315,12621,12838,101,3,5505,discounts
2021-09-14,google,Wholesale,Clean,5724,6166,3874,27,0,6157,cheap
2021-09-14,google,Wholesale,Interests,3694,2528,3516,33,3,3552,hobby
2021-09-14,google,Wholesale,Wide,583,3627,2378,23,1,422,cheap
2021-09-15,facebook,Brand,Reach 2,649,17004,23812,20,0,652,recognition
2021-09-15,facebook,Electronics,Narrow,33908,15175,33942,327,0,36361,discounts
2021-09-15,facebook,Lookalike,Broad,15178,12178,30301,91,10,25105,you_might_like
2021-09-15,facebook,Lookalike,Broad new,387,1881,2420,14,0,397,you_might_like
2021-09-15,facebook,Lookalike,Trending new,24338,51329,16561,509,11,40872,тренд
2021-09-15,facebook,Promos,Parents,9241,8697,14130,149,1,12683,discounts
2021-09-15,facebook,Wholesale,Clean,5468,5112,8477,27,0,6256,cheap
2021-09-15,facebook,Wholesale,Wide,1132,1621,1344,21,0,1506,cheap
2021-09-15,google,Crazy discounts,Improvement,631,4122,9812,331,1,682,
2021-09-15,google,Electronics,Narrow,36435,8896,70414,88,0,41546,discounts
2021-09-15,google,Promos,Parents,10912,22865,20414,92,1,7179,discounts
2021-09-15,google,Wholesale,Wide,944,1887,1924,21,0,1238,cheap
2021-09-16,facebook,Brand,Reach 2,1173,19546,30569,53,1,1702,recognition
2021-09-16,facebook,Crazy discounts,Improvement,3132,8984,8015,176,1,2362,
2021-09-16,facebook,Lookalike,Broad,9627,11334,20048,124,10,8364,you_might_like
2021-09-16,facebook,Lookalike,Broad new,839,981,1043,5,0,734,you_might_like
2021-09-16,facebook,Lookalike,Trending new,21099,42606,53755,345,7,16136,тренд
2021-09-16,facebook,Promos,Parents,4996,32876,17583,148,0,8567,discounts
2021-09-16,facebook,Wholesale,Interests,2679,5315,4713,27,0,4449,hobby
2021-09-16,facebook,Wholesale,Wide,2399,1994,2083,19,0,3519,cheap
2021-09-16,google,Crazy discounts,Improvement,2372,16049,12475,150,1,2297,
2021-09-16,google,Electronics,Narrow,4438,12627,42533,235,6,3381,discounts
2021-09-16,google,Promos,Parents,5754,12955,18452,40,5,5188,discounts
2021-09-16,google,Wholesale,Wide,2756,3195,2152,4,1,3453,cheap
2021-09-17,facebook,Brand,Reach 2,1848,23747,19410,37,0,3078,recognition
2021-09-17,facebook,Crazy discounts,Improvement,1630,7339,11030,257,3,1269,
2021-09-17,facebook,Lookalike,Broad,14371,37661,48028,286,0,24568,you_might_like
2021-09-17,facebook,Lookalike,Trending new,6644,40842,21701,490,12,10594,тренд
2021-09-17,facebook,Wholesale,Clean,8169,9032,8271,38,2,10570,cheap
2021-09-17,facebook,Wholesale,Interests,2039,11358,10194,18,1,2454,hobby
2021-09-17,facebook,Wholesale,Wide,2934,3294,5097,25,0,5131,cheap
2021-09-17,google,Crazy discounts,Improvement,1864,13964,8794,218,3,1434,
2021-09-17,google,Promos,Parents,7212,27453,23802,43,0,8055,discounts
2021-09-17,google,Wholesale,Clean,4403,5662,7638,13,1,6035,cheap
2021-09-17,google,Wholesale,Interests,3120,1475,1157,12,1,4660,hobby
2021-09-18,facebook,Crazy discounts,Improvement,1329,10352,10106,210,4,1023,
2021-09-18,facebook,Electronics,Narrow,29384,103177,40796,175,9,30755,discounts
2021-09-18,facebook,Lookalike,Broad,10052,35673,45992,99,5,15142,you_might_like
2021-09-18,facebook,Lookalike,Broad new,853,1556,982,12,1,976,you_might_like
2021-09-18,facebook,Lookalike,Trending new,25885,12421,56669,103,15,22902,тренд
2021-09-18,facebook,Promos,Parents,7795,36559,17648,315,1,15837,discounts
2021-09-18,facebook,Wholesale,Clean,2752,9982,2232,26,1,4366,cheap
2021-09-18,facebook,Wholesale,Interests,3643,8815,7663,68,0,4814,hobby
2021-09-18,facebook,Wholesale,Wide,949,4391,1465,9,1,1558,cheap
2021-09-18,google,Crazy discounts,Improvement,2200,9353,3247,109,4,3106,
2021-09-18,google,Promos,Parents,8648,25141,20866,152,5,13938,discounts
2021-09-18,google,Wholesale,Clean,2256,8576,7053,13,1,1912,cheap
2021-09-18,google,Wholesale,Wide,1646,2504,1854,4,1,1094,cheap
2021-09-19,facebook,Crazy discounts,Improvement,1056,11184,3208,169,2,1378,
2021-09-19,facebook,Electronics,Narrow,6945,45907,94188,167,8,11479,discounts
2021-09-19,facebook,Lookalike,Broad,4063,36617,41011,383,3,4869,you_might_like
2021-09-19,facebook,Lookalike,Broad new,457,1857,383,10,1,617,you_might_like
2021-09-19,facebook,Lookalike,Trending new,23459,71426,63597,510,3,35468,тренд
2021-09-19,facebook,Promos,Parents,6606,42059,30932,185,3,14233,discounts
2021-09-19,facebook,Wholesale,Clean,7557,4769,8352,46,3,7555,cheap
2021-09-19,facebook,Wholesale,Wide,177,497,368,4,0,182,cheap
2021-09-19,google,Crazy discounts,Improvement,1952,11700,12691,80,2,1479,
2021-09-19,google,Electronics,Narrow,13671,62662,55445,499,1,13590,discounts
2021-09-19,google,Promos,Parents,7731,8472,28592,94,1,8206,discounts
2021-09-19,google,Wholesale,Wide,230,199,153,4,0,339,cheap
2021-09-20,facebook,Crazy discounts,Improvement,853,17385,13294,191,2,1268,
2021-09-20,facebook,Electronics,Narrow,34193,91531,80731,220,3,44745,discounts
2021-09-20,facebook,Lookalike,Broad new,1254,897,3291,30,1,1784,you_might_like
2021-09-20,facebook,Lookalike,Trending new,28343,20806,51452,290,1,27007,тренд
2021-09-20,facebook,Promos,Parents,1999,11274,12239,184,0,3238,discounts
2021-09-20,facebook,Wholesale,Clean,1843,3375,6794,109,3,1683,cheap
2021-09-20,facebook,Wholesale,Interests,2472,7320,12127,83,2,3790,hobby
2021-09-20,facebook,Wholesale,Wide,287,400,218,2,0,466,cheap
2021-09-20,google,Crazy discounts,Improvement,1502,1623,13179,93,1,1173,
2021-09-20,google,Electronics,Narrow,12608,52062,59530,154,6,18861,discounts
2021-09-20,google,Promos,Parents,7471,17144,13418,163,2,7544,discounts
2021-09-20,google,Wholesale,Clean,4803,5969,12007,55,0,6986,cheap
2021-09-20,google,Wholesale,Interests,2071,3408,9632,65,2,3276,hobby
2021-09-21,facebook,Crazy discounts,Improvement,3100,12626,5910,102,1,4525,
2021-09-21,facebook,Electronics,Narrow,8784,53692,36474,247,9,11330,discounts
2021-09-21,facebook,Lookalike,Broad,11920,9827,23975,378,3,19207,you_might_like
2021-09-21,facebook,Lookalike,Broad new,2116,2433,2027,34,1,3674,you_might_like
2021-09-21,facebook,Lookalike,Trending new,23588,15553,26101,311,4,30995,тренд
2021-09-21,facebook,Promos,Parents,5310,7171,30409,151,1,6042,discounts
2021-09-21,facebook,Wholesale,Clean,3463,16590,3926,26,0,3834,cheap
2021-09-21,facebook,Wholesale,Wide,477,250,631,1,0,530,cheap
2021-09-21,google,Electronics,Narrow,28966,12304,39225,256,2,36674,discounts
2021-09-21,google,Promos,Parents,8476,4127,22093,245,1,7853,discounts
2021-09-21,google,Wholesale,Clean,1854,6607,7245,38,1,1450,cheap
2021-09-21,google,Wholesale,Interests,3440,4191,6849,25,1,5185,hobby
2021-09-22,facebook,Crazy discounts,Improvement,3016,7901,13811,57,0,4622,
2021-09-22,facebook,Electronics,Narrow,14651,18653,21434,206,1,13061,discounts
2021-09-22,facebook,Lookalike,Broad,1976,7551,7008,245,0,2196,you_might_like
2021-09-22,facebook,Lookalike,Broad new,1115,1580,2223,6,0,1713,you_might_like
2021-09-22,facebook,Lookalike,Trending new,16413,37314,54130,205,5,17912,тренд
2021-09-22,facebook,Promos,Parents,1882,45437,39972,155,5,3747,discounts
2021-09-22,facebook,Wholesale,Clean,1904,6781,8670,65,0,1498,cheap
2021-09-22,facebook,Wholesale,Interests,3306,2037,4032,17,0,5055,hobby
2021-09-22,google,Crazy discounts,Improvement,2914,12957,8026,153,0,3688,
2021-09-22,google,Electronics,Narrow,3665,21908,32591,175,4,2915,discounts
2021-09-22,google,Promos,Parents,5385,31649,9392,114,0,5626,discounts
2021-09-23,facebook,Crazy discounts,Improvement,1852,9563,5445,159,3,2943,
2021-09-23,facebook,Electronics,Narrow,15883,34911,24341,145,2,13627,discounts
2021-09-23,facebook,Lookalike,Broad new,1399,1011,1790,20,1,1524,you_might_like
2021-09-23,facebook,Lookalike,Trending new,19439,64313,56558,431,18,33233,тренд
2021-09-23,facebook,Wholesale,Clean,5280,7918,5761,42,1,7780,cheap
2021-09-23,facebook,Wholesale,Interests,2325,9335,4458,57,1,1816,hobby
2021-09-23,facebook,Wholesale,Wide,181,555,253,5,1,288,cheap
2021-09-23,google,Crazy discounts,Improvement,2543,2864,11787,73,2,3930,
2021-09-23,google,Electronics,Narrow,15997,19691,33502,193,0,25291,discounts
2021-09-23,google,Wholesale,Clean,2960,9497,6414,25,0,3211,cheap
2021-09-23,google,Wholesale,Interests,1205,3973,7595,63,1,1472,hobby
2021-09-23,google,Wholesale,Wide,71,511,264,1,1,99,cheap
2021-09-24,facebook,Electronics,Narrow,14048,8852,9747,110,4,17862,discounts
2021-09-24,facebook,Lookalike,Broad new,1110,1032,2394,9,1,1014,you_might_like
2021-09-24,facebook,Lookalike,Trending new,19333,43104,20875,534,9,28390,тренд
2021-09-24,facebook,Promos,Parents,3397,47712,24857,368,1,7004,discounts
2021-09-24,facebook,Wholesale,Clean,8412,8394,7854,78,2,9104,cheap
2021-09-24,facebook,Wholesale,Interests,977,6404,1553,49,1,1398,hobby
2021-09-24,facebook,Wholesale,Wide,67,44,109,2,0,56,cheap
2021-09-24,google,Crazy discounts,Improvement,903,1973,3095,139,2,1063,
2021-09-24,google,Electronics,Narrow,10053,21337,26439,249,4,7435,discounts
2021-09-24,google,Wholesale,Interests,3784,1485,3507,14,1,5203,hobby
2021-09-25,facebook,Crazy discounts,Improvement,860,10434,3937,77,5,1202,
2021-09-25,facebook,Electronics,Narrow,10256,19884,29109,111,1,11918,discounts
2021-09-25,facebook,Lookalike,Broad,2259,16203,43001,302,4,1853,you_might_like
2021-09-25,facebook,Lookalike,Broad new,1397,2034,2137,15,0,1113,you_might_like
2021-09-25,facebook,Lookalike,Trending new,20670,13552,52873,123,10,34318,тренд
2021-09-25,facebook,Promos,Parents,5234,35994,16990,84,3,9036,discounts
2021-09-25,facebook,Wholesale,Clean,5202,9607,5563,46,2,5163,cheap
2021-09-25,facebook,Wholesale,Interests,1600,5348,1440,20,0,2548,hobby
2021-09-25,facebook,Wholesale,Wide,35,98,47,0,0,35,cheap
2021-09-25,google,Crazy discounts,Improvement,1058,8899,12307,239,3,1720,
2021-09-25,google,Electronics,Narrow,20865,25782,27719,88,5,18365,discounts
2021-09-25,google,Promos,Parents,10382,14135,6665,252,3,8095,discounts
2021-09-25,google,Wholesale,Interests,2922,5542,4728,30,0,3869,hobby
2021-09-25,google,Wholesale,Wide,14,31,58,0,0,23,cheap
2021-09-26,facebook,Crazy discounts,Improvement,973,6528,4278,184,5,736,
2021-09-26,facebook,Electronics,Narrow,15723,50578,19257,61,7,18157,discounts
2021-09-26,facebook,Lookalike,Broad,7250,42863,14006,282,0,11491,you_might_like
2021-09-26,facebook,Lookalike,Broad new,1058,2584,1880,7,1,1467,you_might_like
2021-09-26,facebook,Lookalike,Trending new,21809,13231,40006,216,16,21651,тренд
2021-09-26,facebook,Wholesale,Clean,4999,8419,2136,11,3,5944,cheap
2021-09-26,facebook,Wholesale,Interests,6770,8530,8829,61,0,11603,hobby
2021-09-26,facebook,Wholesale,Wide,23,51,73,0,0,19,cheap
2021-09-26,google,Crazy discounts,Improvement,647,5056,2536,183,2,629,
2021-09-26,google,Electronics,Narrow,18733,10788,27348,199,7,19927,discounts
2021-09-26,google,Promos,Parents,11366,9608,33986,129,0,13977,discounts
2021-09-26,google,Wholesale,Clean,3542,5627,6281,11,0,4405,cheap
2021-09-26,google,Wholesale,Wide,22,51,59,0,0,28,cheap
2021-09-27,facebook,Crazy discounts,Improvement,754,7953,3549,72,3,763,
2021-09-27,facebook,Electronics,Narrow,21265,55474,13991,256,1,27720,discounts
2021-09-27,facebook,Lookalike,Broad,9283,44640,7470,267,6,7048,you_might_like
2021-09-27,facebook,Lookalike,Broad new,1292,1327,2532,46,1,1377,you_might_like
2021-09-27,facebook,Promos,Parents,10888,43353,29742,208,2,22071,discounts
2021-09-27,facebook,Wholesale,Clean,5540,5105,10382,40,3,9511,cheap
2021-09-27,facebook,Wholesale,Interests,1066,7996,7949,76,3,1715,hobby
2021-09-27,facebook,Wholesale,Wide,72,45,55,0,0,110,cheap
2021-09-27,google,Crazy discounts,Improvement,2877,8484,14018,89,2,3474,
2021-09-27,google,Promos,Parents,5419,25663,22434,57,6,4241,discounts
2021-09-27,google,Wholesale,Clean,6333,2337,7690,46,1,5757,cheap
2021-09-27,google,Wholesale,Interests,4406,3751,6023,47,3,6479,hobby
2021-09-27,google,Wholesale,Wide,55,8,25,0,0,62,cheap
2021-09-28,facebook,Electronics,Narrow,21217,54664,37795,268,2,18255,discounts
2021-09-28,facebook,Lookalike,Broad,5091,6474,18354,154,2,6927,you_might_like
2021-09-28,facebook,Lookalike,Broad new,1004,1921,643,11,1,1276,you_might_like
2021-09-28,facebook,Lookalike,Trending new,25031,47300,42047,350,6,36300,тренд
2021-09-28,facebook,Promos,Parents,8699,30284,37913,195,3,16310,discounts
2021-09-28,facebook,Wholesale,Clean,6768,12182,13515,96,1,10973,cheap
2021-09-28,facebook,Wholesale,Interests,4455,1679,7058,44,1,3928,hobby
2021-09-28,facebook,Wholesale,Wide,33,26,48,0,0,57,cheap
2021-09-28,google,Crazy discounts,Improvement,649,9204,9855,98,2,510,
2021-09-28,google,Electronics,Narrow,13999,41281,14652,181,2,22799,discounts
2021-09-28,google,Promos,Parents,3518,9382,30667,188,7,3240,discounts
2021-09-28,google,Wholesale,Clean,1218,6540,6004,35,3,1830,cheap
2021-09-28,google,Wholesale,Interests,540,4859,2980,22,1,685,hobby
2021-09-29,facebook,Crazy discounts,Improvement,3119,2975,10040,57,1,2453,
2021-09-29,facebook,Electronics,Narrow,13248,39496,27584,202,4,15404,discounts
2021-09-29,facebook,Lookalike,Broad,6489,29582,34894,259,5,7050,you_might_like
2021-09-29,facebook,Lookalike,Broad new,338,2478,1263,27,0,560,you_might_like
2021-09-29,facebook,Lookalike,Trending new,18522,27076,26960,226,12,25684,тренд
2021-09-29,facebook,Promos,Parents,4514,19110,32151,347,2,9007,discounts
2021-09-29,facebook,Wholesale,Clean,2282,8758,3799,28,0,2723,cheap
2021-09-29,facebook,Wholesale,Interests,2562,1052,3230,18,0,4173,hobby
2021-09-29,facebook,Wholesale,Wide,14,74,84,0,0,18,cheap
2021-09-29,google,Crazy discounts,Improvement,2293,4333,6676,18,2,1997,
2021-09-29,google,Promos,Parents,12537,44257,17310,258,3,9321,discounts
2021-09-29,google,Wholesale,Interests,1233,3050,1393,35,0,1676,hobby
2021-09-29,google,Wholesale,Wide,23,17,49,0,0,16,cheap
2021-09-30,facebook,Crazy discounts,Improvement,1282,7269,3285,67,2,1911,
2021-09-30,facebook,Electronics,Narrow,17208,10531,43468,123,3,16983,discounts
2021-09-30,facebook,Lookalike,Broad,10374,20760,37784,424,11,12322,you_might_like
2021-09-30,facebook,Lookalike,Broad new,662,440,549,11,0,657,you_might_like
2021-09-30,facebook,Lookalike,Trending new,14527,46272,34866,206,13,20614,тренд
2021-09-30,facebook,Promos,Parents,3423,8863,31252,261,1,8088,discounts
2021-09-30,facebook,Wholesale,Clean,2595,12461,4282,40,2,2956,cheap
2021-09-30,facebook,Wholesale,Interests,1464,2518,2853,9,0,1975,hobby
2021-09-30,facebook,Wholesale,Wide,72,106,55,0,0,113,cheap
2021-09-30,google,Crazy discounts,Improvement,1523,8887,5313,47,1,1341,
2021-09-30,google,Promos,Parents,1852,36015,24759,212,7,2161,discounts
2021-09-30,google,Wholesale,Clean,4288,4031,5985,79,2,5414,cheap
2021-09-30,google,Wholesale,Interests,3575,3357,1315,17,1,5272,hobby
2021-09-30,google,Wholesale,Wide,49,34,13,0,0,81,cheap
2021-10-01,facebook,Crazy discounts,Improvement,2054,11606,12498,73,0,3207,
2021-10-01,facebook,Electronics,Narrow,20321,23187,18889,60,2,20726,discounts
2021-10-01,facebook,Lookalike,Broad,5843,11697,42176,259,6,7612,you_might_like
2021-10-01,facebook,Lookalike,Broad new,1119,1017,2322,9,1,925,you_might_like
2021-10-01,facebook,Lookalike,Trending new,18438,17597,23339,89,6,30178,тренд
2021-10-01,facebook,Wholesale,Clean,7606,10459,8694,29,1,8982,cheap
2021-10-01,facebook,Wholesale,Interests,1880,4718,5338,8,0,2408,hobby
2021-10-01,facebook,Wholesale,Wide,61,43,81,0,0,86,cheap
2021-10-01,google,Electronics,Narrow,20800,28464,23208,59,5,17464,discounts
2021-10-01,google,Wholesale,Clean,5043,8321,2247,70,2,8286,cheap
2021-10-01,google,Wholesale,Wide,50,37,33,0,0,56,cheap
2021-10-02,facebook,Crazy discounts,Improvement,1048,7784,6006,131,0,1325,
2021-10-02,facebook,Electronics,Narrow,18991,23448,7222,273,1,30075,discounts
2021-10-02,facebook,Lookalike,Broad,7741,42134,25855,158,1,11294,you_might_like
2021-10-02,facebook,Lookalike,Broad new,1378,837,1944,24,0,2243,you_might_like
2021-10-02,facebook,Lookalike,Trending new,22587,21475,12635,123,3,31970,тренд
2021-10-02,facebook,Promos,Parents,9957,45919,23937,66,4,15219,discounts
2021-10-02,facebook,Wholesale,Clean,3982,9867,3094,67,3,4779,cheap
2021-10-02,facebook,Wholesale,Interests,1063,7331,5265,22,3,1537,hobby
2021-10-02,facebook,Wholesale,Wide,43,21,27,0,0,67,cheap
2021-10-02,google,Crazy discounts,Improvement,1171,12276,1855,77,2,1538,
2021-10-02,google,Electronics,Narrow,7909,34178,11373,166,1,6423,discounts
2021-10-02,google,Wholesale,Clean,6184,10011,9355,19,3,10075,cheap
2021-10-02,google,Wholesale,Interests,1871,5714,971,28,1,1528,hobby
2021-10-03,facebook,Electronics,Narrow,21796,34997,25580,317,2,19074,discounts
2021-10-03,facebook,Lookalike,Broad,5809,23805,36387,334,3,6960,you_might_like
2021-10-03,facebook,Lookalike,Broad new,923,1494,470,4,0,842,you_might_like
2021-10-03,facebook,Lookalike,Trending new,10415,48498,25655,783,2,11087,тренд
2021-10-03,facebook,Promos,Parents,12000,51678,16722,70,0,18586,discounts
2021-10-03,facebook,Wholesale,Interests,4084,3599,4345,20,0,4374,hobby
2021-10-03,facebook,Wholesale,Wide,12,36,19,0,0,12,cheap
2021-10-03,google,Crazy discounts,Improvement,1240,8292,7833,78,2,1579,
2021-10-03,google,Electronics,Narrow,17926,42276,24822,90,3,19062,discounts
2021-10-03,google,Promos,Parents,14433,39805,31417,272,1,10424,discounts
2021-10-03,google,Wholesale,Clean,2276,8290,1806,46,3,3487,cheap
2021-10-03,google,Wholesale,Interests,2430,4554,1494,37,1,3845,hobby
2021-10-03,google,Wholesale,Wide,17,20,20,0,0,20,cheap
2021-10-04,facebook,Electronics,Narrow,18813,7884,33133,278,5,19918,discounts
2021-10-04,facebook,Lookalike,Broad,6381,35387,28868,146,7,5271,you_might_like
2021-10-04,facebook,Lookalike,Broad new,717,919,640,13,1,1167,you_might_like
2021-10-04,facebook,Lookalike,Trending new,12392,8409,14339,148,10,11809,тренд
2021-10-04,facebook,Promos,Parents,1535,25850,33385,227,2,3234,discounts
2021-10-04,facebook,Wholesale,Interests,753,3393,906,7,1,920,hobby
2021-10-04,facebook,Wholesale,Wide,30,7,17,0,0,37,cheap
2021-10-04,google,Crazy discounts,Improvement,204,6243,2590,62,2,208,
2021-10-04,google,Electronics,Narrow,13327,32370,26539,213,2,14609,discounts
2021-10-04,google,Promos,Parents,2213,23141,24053,81,0,3346,discounts
2021-10-04,google,Wholesale,Clean,5103,7845,2294,65,1,5236,cheap
2021-10-04,google,Wholesale,Interests,2219,1242,1671,18,1,1651,hobby
2021-10-04,google,Wholesale,Wide,27,15,19,0,0,42,cheap
2021-10-05,facebook,Crazy discounts,Improvement,931,13159,3867,87,3,1245,
2021-10-05,facebook,Electronics,Narrow,19977,27757,25861,255,3,26061,discounts
2021-10-05,facebook,Lookalike,Broad,5814,37238,12436,142,11,7318,you_might_like
2021-10-05,facebook,Lookalike,Broad new,978,4861,822,15,1,1164,you_might_like
2021-10-05,facebook,Lookalike,Trending new,20669,18786,22464,810,7,16387,тренд
2021-10-05,facebook,Promos,Parents,3209,8276,21485,129,2,6666,discounts
2021-10-05,facebook,Wholesale,Clean,7233,6247,13423,27,1,7833,cheap
2021-10-05,facebook,Wholesale,Interests,4188,5286,4656,50,2,6343,hobby
2021-10-05,facebook,Wholesale,Wide,11,54,30,0,0,13,cheap
2021-10-05,google,Crazy discounts,Improvement,356,3497,3516,87,3,436,
2021-10-05,google,Promos,Parents,916,17432,3418,35,1,699,discounts
2021-10-05,google,Wholesale,Clean,5712,11199,6680,105,4,8521,cheap
2021-10-05,google,Wholesale,Interests,612,5711,2743,31,1,610,hobby
2021-10-05,google,Wholesale,Wide,10,21,13,0,0,15,cheap
2021-10-06,facebook,Crazy discounts,Improvement,547,9092,10978,91,1,694,
2021-10-06,facebook,Electronics,Narrow,20183,16656,38761,100,2,19872,discounts
2021-10-06,facebook,Lookalike,Broad,7562,55838,7843,310,1,10972,you_might_like
2021-10-06,facebook,Lookalike,Broad new,1808,2587,804,16,1,2093,you_might_like
2021-10-06,facebook,Lookalike,Trending new,26943,67627,67340,474,12,26373,тренд
2021-10-06,facebook,Promos,Parents,0,0,0,0,0,0,discounts
2021-10-06,facebook,Wholesale,Clean,8360,14595,11070,26,2,7564,cheap
2021-10-06,facebook,Wholesale,Interests,3715,5693,8044,9,1,3163,
2021-10-06,facebook,Wholesale,Wide,42,41,51,2,0,47,cheap
2021-10-06,google,Crazy discounts,Improvement,416,2019,4957,60,1,325,
2021-10-06,google,Electronics,Narrow,6408,41624,16086,235,5,8208,discounts
2021-10-06,google,Wholesale,Clean,7241,10884,6128,27,2,6264,cheap
2021-10-06,google,Wholesale,Wide,9,13,22,0,0,13,cheap
2021-10-07,facebook,Crazy discounts,Improvement,1461,8757,13904,58,3,1335,
2021-10-07,facebook,Electronics,Narrow,5786,37935,25632,110,6,7302,discounts
2021-10-07,facebook,Lookalike,Trending new,19906,44105,21111,594,5,25520,тренд
2021-10-07,facebook,Promos,Parents,0,0,0,0,0,0,discounts
2021-10-07,facebook,Wholesale,Interests,1555,8551,6593,14,0,1762,hobby
2021-10-07,facebook,Wholesale,Wide,32,44,48,0,0,34,cheap
2021-10-07,google,Crazy discounts,Improvement,2683,5620,1966,16,3,3460,
2021-10-07,google,Electronics,Narrow,4979,23534,34962,118,1,6899,discounts
2021-10-07,google,Promos,Parents,0,0,0,0,0,0,discounts
2021-10-07,google,Wholesale,Interests,1885,2006,1376,32,1,3108,hobby
2021-10-08,facebook,Electronics,Narrow,15902,19270,20329,50,4,13456,discounts
2021-10-08,facebook,Lookalike,Broad,2912,35537,31910,98,1,4295,you_might_like
2021-10-08,facebook,Lookalike,Broad new,1413,2633,1294,6,1,2048,you_might_like
2021-10-08,facebook,Lookalike,Trending new,22179,61444,46241,288,7,29311,тренд
2021-10-08,facebook,Wholesale,Clean,4924,11039,10028,47,1,7447,cheap
2021-10-08,facebook,Wholesale,Interests,3492,3039,7843,34,0,3278,hobby
2021-10-08,facebook,Wholesale,Wide,219,277,144,1,0,223,cheap
2021-10-08,google,Electronics,Narrow,12542,45048,13262,214,3,12973,discounts
2021-10-08,google,Wholesale,Interests,1482,4519,5377,38,0,2443,hobby
2021-10-08,google,Wholesale,Wide,39,402,355,4,0,57,cheap
2021-10-09,facebook,Crazy discounts,Improvement,1495,4972,14453,127,3,1810,
2021-10-09,facebook,Electronics,Narrow,17943,47257,31152,197,3,16487,discounts
2021-10-09,facebook,Lookalike,Broad,12049,26208,38457,293,9,9200,you_might_like
2021-10-09,facebook,Lookalike,Broad new,1187,862,3077,33,0,1165,you_might_like
2021-10-09,facebook,Lookalike,Trending new,28302,58488,13995,284,3,22855,тренд
2021-10-09,facebook,Promos,Parents,0,0,0,0,0,0,discounts
2021-10-09,facebook,Wholesale,Clean,5829,4203,8477,79,1,8133,cheap
2021-10-09,facebook,Wholesale,Interests,3619,4532,5839,12,1,5688,hobby
2021-10-09,facebook,Wholesale,Wide,85,74,71,1,0,115,cheap
2021-10-09,google,Crazy discounts,Improvement,1637,8972,10819,146,2,1125,
2021-10-09,google,Promos,Parents,0,0,0,0,0,0,discounts
2021-10-09,google,Wholesale,Clean,6543,9020,2070,68,2,5047,cheap
2021-10-09,google,Wholesale,Interests,4097,4044,4330,31,0,5433,hobby
2021-10-09,google,Wholesale,Wide,43,72,81,0,0,68,cheap
2021-10-10,facebook,Crazy discounts,Improvement,3354,4311,4597,111,1,2740,
2021-10-10,facebook,Electronics,Narrow,23531,37014,33809,54,1,27500,discounts
2021-10-10,facebook,Lookalike,Broad,13334,45648,12145,188,1,15048,you_might_like
2021-10-10,facebook,Lookalike,Trending new,4943,76010,40320,634,5,5211,тренд
2021-10-10,facebook,Wholesale,Clean,3128,2372,8553,36,1,3722,cheap
2021-10-10,facebook,Wholesale,Interests,3519,1641,2262,10,0,3617,hobby
2021-10-10,facebook,Wholesale,Wide,1138,1520,3421,18,0,1855,cheap
2021-10-10,google,Crazy discounts,Improvement,1383,11206,3710,23,1,1048,
2021-10-10,google,Electronics,Narrow,2715,67161,52530,163,6,2366,discounts
2021-10-10,google,Wholesale,Clean,3570,3412,903,41,2,4202,cheap
2021-10-10,google,Wholesale,Interests,2321,4331,2556,3,0,2619,hobby
2021-10-10,google,Wholesale,Wide,2139,635,1751,17,0,2382,cheap
2021-10-11,facebook,Crazy discounts,Improvement,2124,13158,9288,57,2,2776,
2021-10-11,facebook,Lookalike,Broad,5847,9905,27968,97,5,5215,you_might_like
2021-10-11,facebook,Lookalike,Broad new,1519,1741,2420,29,1,2463,you_might_like
2021-10-11,facebook,Lookalike,Trending new,20140,44612,66008,606,10,32833,тренд
2021-10-11,facebook,Wholesale,Clean,4268,11549,12283,35,1,6725,cheap
2021-10-11,facebook,Wholesale,Wide,651,1214,1180,8,0,744,cheap
2021-10-11,google,Crazy discounts,Improvement,2537,7760,6837,31,3,3341,
2021-10-11,google,Wholesale,Clean,2526,10479,3721,61,1,2332,cheap
2021-10-11,google,Wholesale,Interests,3002,4751,1056,25,2,2119,hobby
2021-10-12,facebook,Crazy discounts,Improvement,1218,8176,6932,108,0,1372,
2021-10-12,facebook,Electronics,Narrow,21100,41471,60076,346,1,26406,discounts
2021-10-12,facebook,Lookalike,Broad,5799,17145,22838,67,1,6769,you_might_like
2021-10-12,facebook,Lookalike,Broad new,712,2467,3934,5,0,858,you_might_like
2021-10-12,facebook,Lookalike,Trending new,7843,39513,34995,496,2,10420,тренд
2021-10-12,facebook,Wholesale,Clean,5506,9000,8210,44,2,4797,cheap
2021-10-12,facebook,Wholesale,Interests,3738,5299,3463,11,1,4090,hobby
2021-10-12,facebook,Wholesale,Wide,1270,2064,2217,26,1,2156,cheap
2021-10-12,google,Crazy discounts,Improvement,1252,5415,4971,19,1,1172,
2021-10-12,google,Electronics,Narrow,8136,10801,9346,69,5,7399,discounts
2021-10-12,google,Wholesale,Clean,4859,4880,4656,21,3,5106,cheap
2021-10-12,google,Wholesale,Interests,1205,1391,4317,12,1,1373,hobby
2021-10-12,google,Wholesale,Wide,1427,2768,1196,22,1,1864,cheap
2021-10-13,facebook,Crazy discounts,Improvement,1521,3867,1805,24,0,2415,
2021-10-13,facebook,Electronics,Narrow,16800,26134,21614,244,8,27915,discounts
2021-10-13,facebook,Lookalike,Broad,9000,7360,17054,134,9,9812,you_might_like
2021-10-13,facebook,Lookalike,Broad new,2548,1683,1289,8,2,3286,you_might_like
2021-10-13,facebook,Lookalike,Trending new,23172,37279,64006,1247,12,38578,тренд
2021-10-13,facebook,Wholesale,Clean,7188,6488,6796,56,1,8131,cheap
2021-10-13,facebook,Wholesale,Interests,1868,2283,4865,28,1,3052,hobby
2021-10-13,facebook,Wholesale,Wide,1898,2347,2216,8,1,1974,cheap
2021-10-13,google,Electronics,Narrow,4294,16593,17753,89,2,5311,discounts
2021-10-13,google,Wholesale,Interests,1966,844,2393,6,1,2799,hobby
2021-10-13,google,Wholesale,Wide,1755,668,438,3,1,1153,cheap
2021-10-14,facebook,Brand,Spotlight,20,123,144,0,0,26,бренд
2021-10-14,facebook,Crazy discounts,Improvement,1544,2705,1722,34,0,1384,
2021-10-14,facebook,Electronics,Narrow,17863,35283,22041,216,8,19666,discounts
2021-10-14,facebook,Lookalike,Broad,12131,20855,37779,347,7,20579,you_might_like
2021-10-14,facebook,Lookalike,Broad new,720,1542,1439,37,1,669,you_might_like
2021-10-14,facebook,Lookalike,Trending new,7382,10779,69637,793,8,11401,тренд
2021-10-14,facebook,Wholesale,Clean,6025,9730,3561,30,2,5994,cheap
2021-10-14,facebook,Wholesale,Interests,1380,4933,4252,33,0,2343,hobby
2021-10-14,facebook,Wholesale,Wide,2228,2727,1858,7,1,2251,cheap
2021-10-14,google,Crazy discounts,Improvement,279,3344,3436,20,0,239,
2021-10-14,google,Electronics,Narrow,3491,63367,21088,139,6,3545,discounts
2021-10-14,google,Wholesale,Clean,6279,2954,5897,33,3,8738,cheap
2021-10-14,google,Wholesale,Interests,1404,2287,1396,6,0,1766,hobby
2021-10-14,google,Wholesale,Wide,2047,817,1248,13,0,2740,cheap
2021-10-15,facebook,Brand,Spotlight,129,55,109,0,0,222,бренд
2021-10-15,facebook,Crazy discounts,Improvement,694,2407,1354,60,1,619,
2021-10-15,facebook,Electronics,Narrow,16684,23882,27725,224,0,24835,discounts
2021-10-15,facebook,Lookalike,Broad,8631,34719,37116,324,10,14606,you_might_like
2021-10-15,facebook,Lookalike,Broad new,1658,669,2511,30,1,1649,you_might_like
2021-10-15,facebook,Lookalike,Trending new,6573,36831,23761,176,14,8932,тренд
2021-10-15,facebook,Wholesale,Clean,2027,3114,11646,16,0,1751,cheap
2021-10-15,facebook,Wholesale,Interests,2721,5304,4643,11,0,3947,hobby
2021-10-15,facebook,Wholesale,Wide,1053,1998,980,17,0,1299,cheap
2021-10-15,google,Electronics,Narrow,18973,16915,37395,162,1,28675,discounts
2021-10-15,google,Wholesale,Clean,786,8537,9063,25,2,815,cheap
2021-10-15,google,Wholesale,Interests,3002,576,4517,5,1,3630,hobby
2021-10-15,google,Wholesale,Wide,1403,2075,483,10,0,1390,cheap
2021-10-16,facebook,Brand,Spotlight,65,131,35,0,0,66,бренд
2021-10-16,facebook,Crazy discounts,Improvement,1253,3352,7580,40,1,1717,
2021-10-16,facebook,Electronics,Narrow,10673,67637,37759,315,7,18636,discounts
2021-10-16,facebook,Lookalike,Broad,9771,52968,24338,164,13,12816,you_might_like
2021-10-16,facebook,Lookalike,Broad new,1524,538,2499,6,0,1582,you_might_like
2021-10-16,facebook,Lookalike,Trending new,8454,26122,15884,812,5,14126,тренд
2021-10-16,facebook,Wholesale,Interests,1936,6651,6429,11,1,1868,hobby
2021-10-16,facebook,Wholesale,Wide,301,923,357,15,0,495,cheap
2021-10-16,google,Crazy discounts,Improvement,557,4739,3827,31,1,612,
2021-10-16,google,Electronics,Narrow,6262,41201,57977,148,1,4921,discounts
2021-10-16,google,Wholesale,Clean,2251,2392,4341,44,2,1835,cheap
2021-10-16,google,Wholesale,Interests,1421,2018,2423,27,1,1014,hobby
2021-10-16,google,Wholesale,Wide,216,509,521,9,0,281,cheap
2021-10-17,facebook,Brand,Spotlight,13,42,42,0,0,19,бренд
2021-10-17,facebook,Crazy discounts,Improvement,1421,1571,3021,51,2,1308,
2021-10-17,facebook,Electronics,Narrow,22774,56081,61306,122,3,35231,discounts
2021-10-17,facebook,Lookalike,Broad,5716,18160,47921,272,14,4586,you_might_like
2021-10-17,facebook,Lookalike,Broad new,933,1926,1768,20,1,1285,you_might_like
2021-10-17,facebook,Lookalike,Trending new,13234,30243,19469,327,10,20581,тренд
2021-10-17,facebook,Wholesale,Clean,3519,6716,2816,32,1,2734,cheap
2021-10-17,facebook,Wholesale,Interests,2024,4401,2661,13,0,1942,hobby
2021-10-17,facebook,Wholesale,Wide,1992,5119,2767,10,0,3466,cheap
2021-10-17,google,Crazy discounts,Improvement,1375,4422,5068,48,1,2048,
2021-10-17,google,Electronics,Narrow,6221,29798,17378,224,6,9206,discounts
2021-10-17,google,Wholesale,Clean,4582,2177,6282,18,1,6148,cheap
2021-10-17,google,Wholesale,Interests,1018,3110,1767,7,0,1599,hobby
2021-10-17,google,Wholesale,Wide,2442,4751,2312,15,1,3394,cheap
2021-10-18,facebook,Crazy discounts,Improvement,1220,3141,5130,59,1,1020,
2021-10-18,facebook,Electronics,Narrow,4867,3794,9132,79,1,3894,discounts
2021-10-18,facebook,Lookalike,Broad,4106,32401,65926,178,5,5353,you_might_like
2021-10-18,facebook,Lookalike,Trending new,16630,30167,14240,707,9,23504,тренд
2021-10-18,facebook,Wholesale,Clean,1461,1966,4891,22,1,1506,cheap
2021-10-18,facebook,Wholesale,Interests,3230,7796,4481,26,1,3776,hobby
2021-10-18,facebook,Wholesale,Wide,2608,4591,1232,6,1,3320,cheap
2021-10-18,google,Crazy discounts,Improvement,1158,5541,1626,39,0,1766,
2021-10-18,google,Electronics,Narrow,2873,10140,2750,43,0,3415,discounts
2021-10-18,google,Wholesale,Clean,1622,2223,4131,28,1,1988,cheap
2021-10-18,google,Wholesale,Interests,1376,1120,6269,37,1,921,hobby
2021-10-18,google,Wholesale,Wide,1672,4210,2144,28,0,1549,cheap
2021-10-19,facebook,Crazy discounts,Improvement,709,5830,5597,39,0,1171,
2021-10-19,facebook,Electronics,Narrow,0,0,0,0,0,0,discounts
2021-10-19,facebook,Lookalike,Broad,9441,49790,48871,185,1,15943,you_might_like
2021-10-19,facebook,Lookalike,Broad new,1450,1898,1376,32,0,2241,you_might_like
2021-10-19,facebook,Lookalike,Trending new,20926,62200,51259,506,5,24465,тренд
2021-10-19,facebook,Wholesale,Clean,1247,1905,2381,19,1,1441,cheap
2021-10-19,facebook,Wholesale,Wide,1646,1223,494,37,1,1478,cheap
2021-10-19,google,Electronics,Narrow,0,0,0,0,0,0,discounts
2021-10-19,google,Wholesale,Clean,3681,5646,4159,60,0,4447,cheap
2021-10-19,google,Wholesale,Interests,899,6333,2906,26,1,755,hobby
2021-10-19,google,Wholesale,Wide,1292,2893,1148,6,0,901,cheap
2021-10-20,facebook,Crazy discounts,Improvement,1231,8550,5734,19,2,2047,
2021-10-20,facebook,Electronics,Narrow,0,0,0,0,0,0,discounts
2021-10-20,facebook,Lookalike,Broad,17979,35853,19715,159,2,23660,you_might_like
2021-10-20,facebook,Lookalike,Broad new,1487,4006,2096,52,1,2261,you_might_like
2021-10-20,facebook,Lookalike,Trending new,19261,41090,43151,196,9,28238,тренд
2021-10-20,facebook,Wholesale,Clean,2248,4517,2601,33,0,2896,cheap
2021-10-20,facebook,Wholesale,Interests,3093,1903,3279,6,1,4524,hobby
2021-10-20,facebook,Wholesale,Wide,563,1838,670,11,0,840,cheap
2021-10-20,google,Crazy discounts,Improvement,602,3762,3337,62,1,814,
2021-10-20,google,Wholesale,Clean,2216,3782,3226,17,1,1467,cheap
2021-10-20,google,Wholesale,Interests,476,5880,1108,3,1,369,hobby
2021-10-20,google,Wholesale,Wide,1009,2315,1485,5,0,906,cheap
2021-10-21,facebook,Crazy discounts,Improvement,394,4372,5253,67,0,579,
2021-10-21,facebook,Electronics,Narrow,0,0,0,0,0,0,discounts
2021-10-21,facebook,Lookalike,Broad,15186,30582,25375,380,14,22212,you_might_like
2021-10-21,facebook,Lookalike,Broad new,1954,2378,1089,26,0,1497,you_might_like
2021-10-21,facebook,Lookalike,Trending new,19503,54308,40060,866,4,18032,тренд
2021-10-21,facebook,Wholesale,Clean,2108,4780,5883,29,1,1604,cheap
2021-10-21,facebook,Wholesale,Interests,2893,3659,3685,37,1,3855,hobby
2021-10-21,facebook,Wholesale,Wide,2000,1576,2286,16,1,2299,cheap
2021-10-21,google,Crazy discounts,Improvement,236,1935,4196,34,1,380,
2021-10-21,google,Electronics,Narrow,0,0,0,0,0,0,discounts
2021-10-21,google,Wholesale,Clean,2491,1168,3792,28,1,3905,cheap
2021-10-21,google,Wholesale,Interests,747,2187,1509,19,1,578,hobby
2021-10-21,google,Wholesale,Wide,374,921,657,13,1,546,cheap
2021-10-22,facebook,Electronics,Narrow,0,0,0,0,0,0,discounts
2021-10-22,facebook,Lookalike,Broad,17285,50870,47056,318,5,27178,you_might_like
2021-10-22,facebook,Lookalike,Broad new,677,3693,5836,47,0,739,you_might_like
2021-10-22,facebook,Lookalike,Trending new,12680,44789,19444,372,11,14837,тренд
2021-10-22,facebook,Wholesale,Clean,2738,3616,6938,42,0,4004,cheap
2021-10-22,facebook,Wholesale,Interests,1845,2271,3800,38,1,2726,hobby
2021-10-22,facebook,Wholesale,Wide,1354,739,3097,8,1,1845,cheap
2021-10-22,google,Electronics,Narrow,0,0,0,0,0,0,discounts
2021-10-22,google,Wholesale,Clean,1187,3779,682,37,0,1639,cheap
2021-10-22,google,Wholesale,Interests,1685,4056,4579,22,0,2620,hobby
2021-10-22,google,Wholesale,Wide,1222,1514,555,10,1,1573,cheap
2021-10-23,facebook,Lookalike,Broad,9976,69311,47468,427,3,9849,you_might_like
2021-10-23,facebook,Lookalike,Broad new,2108,3442,2969,30,2,1937,you_might_like
2021-10-23,facebook,Lookalike,Trending new,6818,24534,10792,564,9,10395,тренд
2021-10-23,facebook,Wholesale,Clean,2420,4039,3369,26,0,2106,cheap
2021-10-23,facebook,Wholesale,Interests,1840,7311,5404,57,0,1775,hobby
2021-10-23,facebook,Wholesale,Wide,390,1706,2114,10,0,561,cheap
2021-10-23,google,Crazy discounts,Improvement,1228,5417,3066,42,1,1338,
2021-10-23,google,Wholesale,Interests,1416,3418,5976,8,1,1351,hobby
2021-10-23,google,Wholesale,Wide,1249,2173,834,14,1,1479,cheap
2021-10-24,facebook,Crazy discounts,Improvement,1630,2115,3555,65,1,2225,
2021-10-24,facebook,Lookalike,Broad,16699,64130,52912,377,12,13711,you_might_like
2021-10-24,facebook,Lookalike,Broad new,2067,5020,5158,94,2,1962,you_might_like
2021-10-24,facebook,Lookalike,Trending new,10800,10230,46309,290,3,9323,тренд
2021-10-24,facebook,Wholesale,Clean,2815,1684,3654,15,1,4852,cheap
2021-10-24,facebook,Wholesale,Interests,1517,3991,6366,39,0,1411,hobby
2021-10-24,facebook,Wholesale,Wide,313,3077,1588,4,1,290,cheap
2021-10-24,google,Crazy discounts,Improvement,1067,2084,4675,11,1,1599,
2021-10-24,google,Wholesale,Clean,590,930,3762,21,0,878,cheap
2021-10-24,google,Wholesale,Interests,394,3176,4531,27,1,256,hobby
2021-10-24,google,Wholesale,Wide,1425,1039,2235,20,0,1062,cheap
2021-10-25,facebook,Crazy discounts,Improvement,376,2713,1880,26,0,458,
2021-10-25,facebook,Lookalike,Broad,12504,39229,32614,346,4,16384,you_might_like
2021-10-25,facebook,Lookalike,Broad new,5537,9884,5981,40,3,4887,you_might_like
2021-10-25,facebook,Lookalike,Trending new,10253,40813,53112,392,7,13871,тренд
2021-10-25,facebook,Wholesale,Clean,1009,5247,1742,9,1,1456,cheap
2021-10-25,facebook,Wholesale,Interests,1450,3658,6193,36,0,1290,hobby
2021-10-25,facebook,Wholesale,Wide,1703,3833,952,14,0,2526,cheap
2021-10-25,google,Crazy discounts,Improvement,313,1404,381,11,0,470,
2021-10-25,google,Wholesale,Clean,1025,3969,4166,24,1,1302,cheap
2021-10-25,google,Wholesale,Interests,2077,6242,1167,9,0,1527,hobby
2021-10-25,google,Wholesale,Wide,1260,1067,358,17,1,1496,cheap
2021-10-26,facebook,Lookalike,Broad,8557,49818,7789,336,0,14085,you_might_like
2021-10-26,facebook,Lookalike,Broad new,6784,3663,6073,102,1,8746,you_might_like
2021-10-26,facebook,Lookalike,Trending new,6066,44025,46327,294,9,4695,тренд
2021-10-26,facebook,Wholesale,Clean,1523,3658,4907,31,1,2323,cheap
2021-10-26,facebook,Wholesale,Interests,2016,2821,2421,34,0,2300,hobby
2021-10-26,facebook,Wholesale,Wide,808,723,3159,20,1,667,cheap
2021-10-26,google,Wholesale,Interests,1331,4327,3689,9,1,1997,hobby
2021-10-26,google,Wholesale,Wide,842,1004,3230,23,1,1267,cheap
2021-10-27,facebook,Lookalike,Broad,4243,11401,23125,415,9,3323,you_might_like
2021-10-27,facebook,Lookalike,Broad new,3990,1334,1658,88,2,6643,you_might_like
2021-10-27,facebook,Lookalike,Trending new,5960,45571,48510,417,6,8658,тренд
2021-10-27,facebook,Wholesale,Clean,3220,1593,5470,22,0,2679,cheap
2021-10-27,facebook,Wholesale,Interests,905,3933,1630,11,1,1088,hobby
2021-10-27,facebook,Wholesale,Wide,309,724,2255,19,0,316,cheap
2021-10-27,google,Wholesale,Clean,401,2019,4412,12,1,295,cheap
2021-10-27,google,Wholesale,Wide,598,1419,2444,3,1,691,cheap
2021-10-28,facebook,Lookalike,Broad,15604,10934,48168,352,6,18274,you_might_like
2021-10-28,facebook,Lookalike,Broad new,1593,3624,4553,83,0,1604,you_might_like
2021-10-28,facebook,Lookalike,Trending new,19969,41699,47717,166,6,26741,тренд
2021-10-28,facebook,Wholesale,Clean,1082,5412,5644,46,2,842,cheap
2021-10-28,facebook,Wholesale,Interests,1351,2491,1206,21,0,2224,hobby
2021-10-28,facebook,Wholesale,Wide,794,3155,2103,8,1,716,cheap
2021-10-28,google,Wholesale,Wide,378,3010,2061,5,1,345,cheap
2021-10-29,facebook,Lookalike,Broad,11741,45212,21105,513,13,14570,you_might_like
2021-10-29,facebook,Lookalike,Broad new,2481,1723,1102,104,1,3361,you_might_like
2021-10-29,facebook,Wholesale,Clean,3191,1745,5944,38,2,5530,cheap
2021-10-29,facebook,Wholesale,Interests,1292,5912,6566,6,0,1106,hobby
2021-10-29,facebook,Wholesale,Wide,858,1844,1092,18,1,1327,cheap
2021-10-29,google,Wholesale,Clean,1990,3230,4725,13,2,1810,cheap
2021-10-29,google,Wholesale,Interests,611,1557,2742,11,0,790,hobby
2021-10-30,facebook,Lookalike,Broad,14397,18870,54901,430,10,22900,you_might_like
2021-10-30,facebook,Lookalike,Broad new,800,4413,4686,42,1,1245,you_might_like
2021-10-30,facebook,Lookalike,Trending new,7513,21752,10790,145,3,11773,тренд
2021-10-30,facebook,Wholesale,Clean,2500,5662,5569,22,0,4347,cheap
2021-10-30,facebook,Wholesale,Interests,2276,1687,5374,16,1,2917,hobby
2021-10-30,facebook,Wholesale,Wide,231,489,2141,6,1,269,cheap
2021-10-30,google,Wholesale,Clean,684,5670,5518,9,0,794,cheap
2021-10-30,google,Wholesale,Wide,147,391,366,7,0,184,cheap
2021-10-31,facebook,Lookalike,Broad,7564,11640,12397,737,4,12518,you_might_like
2021-10-31,facebook,Lookalike,Broad new,1910,3705,2532,21,0,3212,you_might_like
2021-10-31,facebook,Lookalike,Trending new,13052,9701,48129,179,8,18957,тренд
2021-10-31,facebook,Wholesale,Interests,2108,2301,3472,26,0,3476,hobby
2021-10-31,facebook,Wholesale,Wide,1958,2799,975,13,1,2922,cheap
2021-10-31,google,Wholesale,Wide,1229,2457,3102,11,0,1308,cheap
2021-11-01,facebook,Lookalike,Broad,3904,69692,65198,812,17,5558,you_might_like
2021-11-01,facebook,Lookalike,Broad new,843,8476,5672,153,2,954,you_might_like
2021-11-01,facebook,Wholesale,Clean,1814,3461,6036,42,1,1886,cheap
2021-11-01,facebook,Wholesale,Interests,3589,7531,1599,23,2,6009,hobby
2021-11-01,facebook,Wholesale,Wide,1501,1494,3048,19,0,1280,cheap
2021-11-01,google,Wholesale,Clean,963,3360,6014,6,1,647,cheap
2021-11-01,google,Wholesale,Interests,2702,811,5723,36,1,2371,hobby
2021-11-01,google,Wholesale,Wide,293,1184,2293,6,0,262,cheap
2021-11-02,facebook,Lookalike,Broad,11565,25292,44941,227,10,12675,you_might_like
2021-11-02,facebook,Lookalike,Trending new,2862,35523,17073,450,5,4005,тренд
2021-11-02,facebook,Wholesale,Clean,2907,2194,2036,13,1,2270,cheap
2021-11-02,facebook,Wholesale,Interests,2057,2664,2116,36,0,1673,hobby
2021-11-02,facebook,Wholesale,Wide,1788,5173,3812,18,0,1815,cheap
2021-11-02,google,Wholesale,Wide,248,3161,2816,43,1,186,cheap
2021-11-03,facebook,Lookalike,Broad,13243,61095,45837,189,6,19968,you_might_like
2021-11-03,facebook,Lookalike,Broad new,1517,8592,7057,101,0,2101,you_might_like
2021-11-03,facebook,Lookalike,Trending new,6105,49744,43409,496,10,4728,тренд
2021-11-03,facebook,Wholesale,Clean,1516,6415,2189,24,0,2609,cheap
2021-11-03,facebook,Wholesale,Interests,357,748,3218,10,0,360,hobby
2021-11-03,facebook,Wholesale,Wide,1680,3293,900,47,1,1978,cheap
2021-11-03,google,Wholesale,Clean,1566,4034,5203,30,1,2295,cheap
2021-11-03,google,Wholesale,Interests,1324,1333,2046,11,0,949,hobby
2021-11-04,facebook,Lookalike,Broad,14717,15935,39742,272,3,13712,you_might_like
2021-11-04,facebook,Lookalike,Broad new,3094,2368,4063,83,2,3805,you_might_like
2021-11-04,facebook,Lookalike,Trending new,4587,43547,7971,536,10,4692,тренд
2021-11-04,facebook,Wholesale,Clean,2625,4719,6019,28,1,4186,cheap
2021-11-04,facebook,Wholesale,Interests,603,3199,5221,11,1,511,hobby
2021-11-04,facebook,Wholesale,Wide,886,4303,821,39,0,1372,cheap
2021-11-04,google,Wholesale,Clean,2160,1982,2408,14,0,3128,cheap
2021-11-04,google,Wholesale,Interests,1214,4451,4397,39,2,891,hobby
2021-11-05,facebook,Lookalike,Broad,8226,42970,56667,452,5,12572,you_might_like
2021-11-05,facebook,Lookalike,Broad new,4865,8640,6092,106,2,5820,you_might_like
2021-11-05,facebook,Lookalike,Trending new,12115,22455,43123,372,8,18627,тренд
2021-11-05,facebook,Wholesale,Wide,1616,2360,5339,49,1,2340,cheap
2021-11-05,google,Wholesale,Clean,1168,3414,2390,29,1,818,cheap
2021-11-05,google,Wholesale,Wide,1315,4314,2769,50,2,1228,cheap
2021-11-06,facebook,Lookalike,Broad,3896,42532,28248,660,7,2931,you_might_like
2021-11-06,facebook,Lookalike,Broad new,3964,2463,4923,55,1,3009,you_might_like
2021-11-06,facebook,Lookalike,Trending new,5754,18058,58540,556,5,9698,тренд
2021-11-06,facebook,Wholesale,Clean,798,1280,5314,51,1,1312,cheap
2021-11-06,facebook,Wholesale,Wide,1245,5843,1817,37,0,1086,cheap
2021-11-06,google,Wholesale,Clean,1060,1176,3858,21,1,1131,cheap
2021-11-06,google,Wholesale,Interests,1047,2925,848,9,0,918,hobby
2021-11-07,facebook,Lookalike,Broad,5754,58739,18666,442,15,4599,you_might_like
2021-11-07,facebook,Lookalike,Broad new,2062,5222,2495,52,0,1615,you_might_like
2021-11-07,facebook,Lookalike,Trending new,16174,30639,35222,269,15,16730,тренд
2021-11-07,facebook,Wholesale,Clean,2319,4594,6123,47,1,2507,cheap
2021-11-07,facebook,Wholesale,Interests,669,2141,1779,29,1,532,hobby
2021-11-07,facebook,Wholesale,Wide,1387,2597,3779,36,1,2229,cheap
2021-11-07,google,Wholesale,Clean,3388,4452,6350,46,2,5532,cheap
2021-11-07,google,Wholesale,Interests,484,3996,2384,29,1,395,hobby
2021-11-07,google,Wholesale,Wide,1492,901,1030,34,1,1026,cheap
2021-11-08,facebook,Lookalike,Broad,9447,16557,39723,379,5,10760,you_might_like
2021-11-08,facebook,Lookalike,Broad new,1182,2920,1944,77,1,2011,you_might_like
2021-11-08,facebook,Lookalike,Trending new,3799,43313,44922,260,13,5951,тренд
2021-11-08,facebook,Wholesale,Clean,1682,2633,4327,29,1,2400,cheap
2021-11-08,facebook,Wholesale,Interests,1381,2819,2964,14,0,1085,hobby
2021-11-08,facebook,Wholesale,Wide,1852,3818,4407,42,1,2302,cheap
2021-11-08,google,Wholesale,Clean,903,3183,2171,25,0,699,cheap
2021-11-08,google,Wholesale,Interests,917,2649,1111,9,0,875,hobby
2021-11-08,google,Wholesale,Wide,1476,5296,2254,49,1,1835,cheap
2021-11-09,facebook,Lookalike,Broad,13002,46156,30967,73,6,16519,you_might_like
2021-11-09,facebook,Lookalike,Broad new,3601,5467,3600,36,0,5453,you_might_like
2021-11-09,facebook,Wholesale,Clean,3510,1879,2208,10,1,3099,cheap
2021-11-09,facebook,Wholesale,Interests,1707,2212,3429,9,0,1419,hobby
2021-11-09,facebook,Wholesale,Wide,593,6151,4046,24,0,998,cheap
2021-11-09,google,Wholesale,Clean,820,1709,1542,3,0,618,cheap
2021-11-09,google,Wholesale,Interests,555,493,1374,2,1,761,hobby
2021-11-10,facebook,Brand,Reach 2,717,15341,14359,6,0,940,recognition
2021-11-10,facebook,Lookalike,Broad new,1449,5137,4548,95,1,1876,you_might_like
2021-11-10,facebook,Lookalike,Trending new,4235,69462,30081,809,11,3642,тренд
2021-11-10,facebook,Wholesale,Clean,3083,1412,5165,16,0,4227,cheap
2021-11-10,facebook,Wholesale,Interests,1526,526,834,11,1,1854,hobby
2021-11-10,facebook,Wholesale,Wide,1832,1768,3306,13,1,1804,cheap
2021-11-10,google,Wholesale,Clean,777,3626,4470,13,0,734,cheap
2021-11-10,google,Wholesale,Interests,570,1828,908,12,0,682,hobby
2021-11-10,google,Wholesale,Wide,1125,869,3203,19,1,1420,cheap
2021-11-11,facebook,Brand,Reach 2,354,14273,12313,1,0,285,recognition
2021-11-11,facebook,Lookalike,Broad,2480,21895,14201,67,1,4034,you_might_like
2021-11-11,facebook,Lookalike,Broad new,2139,7348,7430,70,2,2758,you_might_like
2021-11-11,facebook,Lookalike,Trending new,3972,49379,50424,491,5,3496,тренд
2021-11-11,facebook,Wholesale,Clean,2000,3274,3014,18,0,3023,cheap
2021-11-11,facebook,Wholesale,Interests,791,2098,1304,7,0,1204,hobby
2021-11-11,facebook,Wholesale,Wide,1661,3281,1067,7,1,1785,cheap
2021-11-11,google,Wholesale,Clean,3762,3836,2138,19,1,4358,cheap
2021-11-11,google,Wholesale,Wide,625,2075,2979,8,0,614,cheap
2021-11-12,facebook,Brand,Reach 2,389,11783,3216,1,0,457,recognition
2021-11-12,facebook,Lookalike,Broad,16217,15009,11381,389,10,20821,you_might_like
2021-11-12,facebook,Lookalike,Broad new,2453,1848,4381,90,1,3443,you_might_like
2021-11-12,facebook,Lookalike,Trending new,20828,52956,47289,502,5,24671,тренд
2021-11-12,facebook,Wholesale,Clean,2838,1672,3907,12,1,4411,cheap
2021-11-12,google,Wholesale,Clean,1832,1668,2769,25,1,1317,cheap
2021-11-12,google,Wholesale,Wide,1536,1208,2340,12,0,1275,cheap
2021-11-13,facebook,Brand,Reach 2,280,10708,9543,2,0,347,recognition
2021-11-13,facebook,Lookalike,Broad,13325,44642,48963,422,4,17183,you_might_like
2021-11-13,facebook,Lookalike,Broad new,4211,4806,5374,136,2,4728,you_might_like
2021-11-13,facebook,Lookalike,Trending new,15752,43139,10686,245,5,15932,тренд
2021-11-13,facebook,Trendy,Cringe,2120,9354,2992,77,0,4790,тренд
2021-11-13,facebook,Wholesale,Clean,791,1985,4933,14,1,700,cheap
2021-11-13,facebook,Wholesale,Interests,2189,1994,1249,13,1,3123,hobby
2021-11-13,facebook,Wholesale,Wide,1856,1854,2623,16,0,2495,cheap
2021-11-13,google,Wholesale,Clean,717,3433,4098,23,1,828,cheap
2021-11-13,google,Wholesale,Interests,1170,2361,970,16,0,1372,hobby
2021-11-13,google,Wholesale,Wide,1421,1263,2217,18,1,2126,cheap
2021-11-14,facebook,Brand,Reach 2,513,7520,13881,3,0,434,recognition
2021-11-14,facebook,Lookalike,Broad,7217,81951,45011,800,11,12131,you_might_like
2021-11-14,facebook,Lookalike,Broad new,3232,2948,7316,194,1,4104,you_might_like
2021-11-14,facebook,Lookalike,Trending new,20770,52515,25230,427,5,33144,тренд
2021-11-14,facebook,Trendy,Cringe,628,6799,2927,146,1,1545,тренд
2021-11-14,facebook,Trendy,Lifestyle,1401,3460,5519,38,1,2842,тренд
2021-11-14,facebook,Wholesale,Clean,3085,5938,4811,22,0,4666,cheap
2021-11-14,facebook,Wholesale,Interests,1434,3008,720,17,1,2499,hobby
2021-11-14,google,Wholesale,Clean,1566,4183,5401,8,0,1778,cheap
2021-11-14,google,Wholesale,Wide,411,3162,1187,17,1,364,cheap
2021-11-15,facebook,Brand,Reach 2,134,14310,7963,5,0,130,recognition
2021-11-15,facebook,Lookalike,Broad,6938,61578,30710,138,8,5310,you_might_like
2021-11-15,facebook,Lookalike,Broad new,2964,5250,2771,187,1,3813,you_might_like
2021-11-15,facebook,Lookalike,Trending new,28841,49912,76959,574,5,27455,тренд
2021-11-15,facebook,Trendy,Cringe,336,4504,5418,62,0,459,тренд
2021-11-15,facebook,Trendy,Lifestyle,1359,2912,6587,95,1,2164,тренд
2021-11-15,facebook,Wholesale,Clean,2469,4667,5033,36,1,2364,cheap
2021-11-15,facebook,Wholesale,Interests,715,1188,584,13,0,959,hobby
2021-11-15,facebook,Wholesale,Wide,2412,3757,2652,15,0,3514,cheap
2021-11-15,google,Wholesale,Clean,2201,3758,4087,25,0,1980,cheap
2021-11-15,google,Wholesale,Interests,952,544,1789,7,0,646,hobby
2021-11-15,google,Wholesale,Wide,2307,2060,3173,15,1,3513,cheap
2021-11-16,facebook,Brand,Reach 2,206,8305,7777,3,0,313,recognition
2021-11-16,facebook,Lookalike,Broad,12560,12398,46213,700,10,15637,you_might_like
2021-11-16,facebook,Lookalike,Broad new,7762,13467,4927,108,4,9389,you_might_like
2021-11-16,facebook,Lookalike,Trending new,19147,74394,45225,179,18,17649,тренд
2021-11-16,facebook,Trendy,Lifestyle,2298,2360,10376,60,2,4360,тренд
2021-11-16,facebook,Wholesale,Clean,3023,5289,2741,37,1,2839,cheap
2021-11-16,facebook,Wholesale,Interests,1125,5738,5004,16,1,1718,hobby
2021-11-16,facebook,Wholesale,Wide,2241,1041,1541,16,0,2721,cheap
2021-11-16,google,Wholesale,Clean,3139,2925,1353,9,1,4483,cheap
2021-11-16,google,Wholesale,Interests,2140,1446,2039,20,0,3247,hobby
2021-11-16,google,Wholesale,Wide,1414,983,2326,13,1,1106,cheap
2021-11-17,facebook,Brand,Reach 2,821,6901,5997,2,0,914,recognition
2021-11-17,facebook,Lookalike,Broad,12680,22206,32531,314,10,16835,you_might_like
2021-11-17,facebook,Lookalike,Broad new,3297,6888,6169,67,1,4980,you_might_like
2021-11-17,facebook,Lookalike,Trending new,5774,64963,16709,319,15,9485,тренд
2021-11-17,facebook,Trendy,Cringe,561,4020,2242,43,1,1292,тренд
2021-11-17,facebook,Trendy,Lifestyle,2633,3883,7842,40,1,3633,тренд
2021-11-17,facebook,Wholesale,Clean,2282,3370,1182,3,0,3285,cheap
2021-11-17,facebook,Wholesale,Interests,1760,6004,5413,4,1,1623,hobby
2021-11-17,facebook,Wholesale,Wide,2476,1053,899,23,1,3937,cheap
2021-11-17,google,Wholesale,Clean,767,1977,3608,5,0,831,cheap
2021-11-17,google,Wholesale,Interests,1593,1414,3429,19,1,2369,hobby
2021-11-17,google,Wholesale,Wide,1246,522,2255,10,0,853,cheap
2021-11-18,facebook,Brand,Reach 2,1756,17118,7739,14,0,1793,recognition
2021-11-18,facebook,Lookalike,Broad,3342,9223,19563,305,6,4441,you_might_like
2021-11-18,facebook,Lookalike,Broad new,4137,6585,5125,164,4,6094,you_might_like
2021-11-18,facebook,Trendy,Cringe,1219,5003,2569,50,0,2662,тренд
2021-11-18,facebook,Trendy,Lifestyle,1075,5452,3839,106,1,2136,тренд
2021-11-18,facebook,Wholesale,Clean,1771,650,856,4,0,1586,cheap
2021-11-18,facebook,Wholesale,Interests,1166,2594,2312,20,0,1317,hobby
2021-11-18,facebook,Wholesale,Wide,2056,3124,4065,27,0,3001,cheap
2021-11-18,google,Wholesale,Clean,997,3058,1769,11,0,691,cheap
2021-11-18,google,Wholesale,Interests,513,2129,3176,17,1,361,hobby
2021-11-18,google,Wholesale,Wide,2848,4291,3741,18,0,2792,cheap
2021-11-19,facebook,Brand,Reach 2,1354,19810,8155,4,0,1066,recognition
2021-11-19,facebook,Lookalike,Broad,4496,15789,49391,321,2,7074,you_might_like
2021-11-19,facebook,Lookalike,Broad new,4368,7295,6110,124,1,4944,you_might_like
2021-11-19,facebook,Lookalike,Trending new,10946,26520,73834,446,9,15493,тренд
2021-11-19,facebook,Trendy,Lifestyle,797,2433,5462,83,1,1424,тренд
2021-11-19,facebook,Wholesale,Clean,1591,5023,4243,15,1,2460,cheap
2021-11-19,facebook,Wholesale,Interests,1055,1579,1378,28,0,807,hobby
2021-11-19,facebook,Wholesale,Wide,1236,2304,3801,3,0,1649,cheap
2021-11-19,google,Wholesale,Clean,1431,1904,3822,5,1,1770,cheap
2021-11-19,google,Wholesale,Interests,2433,674,2050,8,0,1792,hobby
2021-11-19,google,Wholesale,Wide,187,1567,829,5,0,187,cheap
2021-11-20,facebook,Brand,Reach 2,1034,7485,11557,19,0,782,recognition
2021-11-20,facebook,Lookalike,Broad,5018,25866,44257,358,9,5139,you_might_like
2021-11-20,facebook,Lookalike,Broad new,1892,3606,3212,41,1,2884,you_might_like
2021-11-20,facebook,Lookalike,Trending new,20421,66742,91686,1032,15,20973,тренд
2021-11-20,facebook,Trendy,Cringe,1161,1232,2099,41,1,2693,тренд
2021-11-20,facebook,Trendy,Lifestyle,2413,5081,7334,71,0,5144,тренд
2021-11-20,facebook,Wholesale,Interests,1645,5162,4566,31,1,2701,hobby
2021-11-20,facebook,Wholesale,Wide,716,1318,2383,3,0,781,cheap
2021-11-20,google,Wholesale,Clean,2781,5423,3619,21,0,2369,cheap
2021-11-21,facebook,Brand,Reach 2,386,19644,6819,18,0,431,recognition
2021-11-21,facebook,Lookalike,Broad,2980,21598,19052,323,6,4439,you_might_like
2021-11-21,facebook,Lookalike,Broad new,2826,5676,8208,91,1,4889,you_might_like
2021-11-21,facebook,Lookalike,Trending new,16239,101332,46375,1165,13,12992,тренд
2021-11-21,facebook,Trendy,Cringe,1436,2390,1644,23,0,2793,тренд
2021-11-21,facebook,Trendy,Lifestyle,298,5692,5586,42,0,579,тренд
2021-11-21,facebook,Wholesale,Clean,2201,5029,4896,19,0,2759,cheap
2021-11-21,facebook,Wholesale,Interests,2625,1045,2641,24,0,3261,hobby
2021-11-21,facebook,Wholesale,Wide,492,4107,4180,8,1,594,cheap
2021-11-21,google,Wholesale,Wide,891,873,3089,14,0,1334,cheap
2021-11-22,facebook,Brand,Reach 2,38,361,660,1,0,35,recognition
2021-11-22,facebook,Lookalike,Broad,10072,20854,24139,291,3,11162,you_might_like
2021-11-22,facebook,Lookalike,Trending new,18356,49273,83021,546,10,28137,тренд
2021-11-22,facebook,Trendy,Cringe,1290,1906,1725,13,0,2797,тренд
2021-11-22,facebook,Trendy,Lifestyle,1017,4806,2181,104,1,2133,тренд
2021-11-22,facebook,Wholesale,Interests,874,5827,2652,17,1,668,hobby
2021-11-22,google,Wholesale,Clean,1178,864,2754,18,1,1730,cheap
2021-11-22,google,Wholesale,Wide,2263,2882,2050,14,0,1609,cheap
2021-11-23,facebook,Lookalike,Broad,2805,7405,27309,163,6,3668,you_might_like
2021-11-23,facebook,Lookalike,Broad new,1661,6621,5988,51,2,2132,you_might_like
2021-11-23,facebook,Lookalike,Trending new,31613,52955,21434,625,11,40500,тренд
2021-11-23,facebook,Trendy,Cringe,650,4275,3709,28,0,1444,тренд
2021-11-23,facebook,Trendy,Lifestyle,1943,6567,1856,35,2,3188,тренд
2021-11-23,facebook,Wholesale,Clean,2490,4282,3408,4,0,2598,cheap
2021-11-23,facebook,Wholesale,Interests,1141,2391,1783,23,1,1189,hobby
2021-11-23,facebook,Wholesale,Wide,1584,5691,3079,57,0,1285,cheap
2021-11-23,google,Wholesale,Clean,423,3047,3139,18,0,672,cheap
2021-11-23,google,Wholesale,Interests,1165,1249,1259,14,0,1500,hobby
2021-11-24,facebook,Lookalike,Broad,3630,34701,26814,121,4,6274,you_might_like
2021-11-24,facebook,Lookalike,Broad new,2943,8163,8192,18,1,4873,you_might_like
2021-11-24,facebook,Lookalike,Trending new,31725,31654,71689,399,16,28911,тренд
2021-11-24,facebook,Trendy,Cringe,415,2681,1012,11,1,822,тренд
2021-11-24,facebook,Wholesale,Clean,950,1976,864,8,0,1462,cheap
2021-11-24,facebook,Wholesale,Interests,1207,5241,4525,6,1,1023,hobby
2021-11-24,facebook,Wholesale,Wide,1619,1122,1689,26,1,1396,cheap
2021-11-24,google,Wholesale,Clean,2077,4846,4482,20,1,3058,cheap
2021-11-24,google,Wholesale,Interests,1182,1095,4060,5,1,1057,hobby
2021-11-24,google,Wholesale,Wide,1235,3872,4185,28,1,1237,cheap
2021-11-25,facebook,Lookalike,Broad,6000,15988,18560,441,4,8356,you_might_like
2021-11-25,facebook,Lookalike,Broad new,6148,5152,6776,158,3,6650,you_might_like
2021-11-25,facebook,Lookalike,Trending new,13627,37748,17219,681,3,18112,тренд
2021-11-25,facebook,Trendy,Cringe,547,4355,1544,22,0,887,тренд
2021-11-25,facebook,Trendy,Lifestyle,2453,3978,5794,83,1,5787,тренд
2021-11-25,facebook,Wholesale,Clean,1683,935,1695,21,1,2519,cheap
2021-11-25,facebook,Wholesale,Interests,1727,2003,1292,4,0,1511,hobby
2021-11-25,facebook,Wholesale,Wide,3815,5509,1201,46,1,6505,cheap
2021-11-25,google,Wholesale,Clean,799,794,520,5,1,1069,cheap
2021-11-25,google,Wholesale,Interests,849,588,878,14,1,1217,hobby
2021-11-25,google,Wholesale,Wide,3606,2303,908,39,0,5127,cheap
2021-11-26,facebook,Lookalike,Broad,4112,21962,22491,458,7,5401,you_might_like
2021-11-26,facebook,Lookalike,Broad new,3217,3835,2681,69,1,3603,you_might_like
2021-11-26,facebook,Lookalike,Trending new,12893,51646,11013,252,11,14915,тренд
2021-11-26,facebook,Trendy,Cringe,1107,2131,2794,23,0,2174,тренд
2021-11-26,facebook,Trendy,Lifestyle,2220,3564,4219,79,0,3133,тренд
2021-11-26,facebook,Wholesale,Clean,1241,1894,3864,13,1,1142,cheap
2021-11-26,facebook,Wholesale,Interests,332,946,2070,13,0,427,hobby
2021-11-26,facebook,Wholesale,Wide,699,2426,4716,13,0,1163,cheap
2021-11-26,google,Wholesale,Clean,1599,3463,3402,8,0,2363,cheap
2021-11-26,google,Wholesale,Wide,2104,3239,2980,12,1,1475,cheap
2021-11-27,facebook,Lookalike,Trending new,12430,33843,23819,291,9,17605,тренд
2021-11-27,facebook,Trendy,Cringe,780,974,2027,31,0,1312,тренд
2021-11-27,facebook,Trendy,Lifestyle,1642,8193,1339,49,1,4033,тренд
2021-11-27,facebook,Wholesale,Clean,2234,2961,2344,23,1,3799,cheap
2021-11-27,facebook,Wholesale,Interests,1675,4043,1865,6,0,2686,hobby
2021-11-27,facebook,Wholesale,Wide,1562,2482,3062,5,1,1930,cheap
2021-11-27,google,Wholesale,Clean,719,4264,627,19,1,493,cheap
2021-11-27,google,Wholesale,Interests,213,1246,3280,9,0,325,hobby
2021-11-27,google,Wholesale,Wide,938,2289,2600,12,0,1532,cheap
2021-11-28,facebook,Lookalike,Broad,10978,26515,21391,411,7,12059,you_might_like
2021-11-28,facebook,Lookalike,Broad new,3197,3493,3523,74,3,2807,you_might_like
2021-11-28,facebook,Lookalike,Trending new,20031,69724,66511,129,10,15038,тренд
2021-11-28,facebook,Trendy,Cringe,1513,3488,1490,33,0,2996,тренд
2021-11-28,facebook,Wholesale,Clean,2148,2645,2520,12,0,3253,cheap
2021-11-28,facebook,Wholesale,Interests,1122,2266,2289,9,1,1610,hobby
2021-11-28,facebook,Wholesale,Wide,1376,5158,2055,33,0,1517,cheap
2021-11-28,google,Wholesale,Wide,943,1987,1307,31,0,638,cheap
2021-11-29,facebook,Lookalike,Broad,6436,23338,25204,333,1,10412,you_might_like
2021-11-29,facebook,Lookalike,Broad new,3097,9673,9721,36,3,4749,you_might_like
2021-11-29,facebook,Lookalike,Trending new,8258,62142,15223,469,6,6746,тренд
2021-11-29,facebook,Trendy,Cringe,729,4181,3859,41,1,1257,тренд
2021-11-29,facebook,Trendy,Lifestyle,929,11795,13049,93,0,1963,тренд
2021-11-29,facebook,Wholesale,Clean,1835,2483,4043,15,0,2556,cheap
2021-11-29,facebook,Wholesale,Interests,424,2228,938,32,0,428,hobby
2021-11-29,facebook,Wholesale,Wide,2759,7696,4637,26,0,3189,cheap
2021-11-29,google,Wholesale,Clean,1539,4434,604,4,1,1942,cheap
2021-11-29,google,Wholesale,Interests,1350,3725,764,18,1,1315,hobby
2021-11-29,google,Wholesale,Wide,2146,5588,6365,44,0,2917,cheap
2021-11-30,facebook,Lookalike,Broad,7255,23281,24757,390,9,12359,you_might_like
2021-11-30,facebook,Lookalike,Broad new,1753,9200,6738,38,1,2728,you_might_like
2021-11-30,facebook,Lookalike,Trending new,6950,40267,15002,484,12,11955,тренд
2021-11-30,facebook,Trendy,Lifestyle,1587,11245,9558,37,1,2683,тренд
2021-11-30,facebook,Wholesale,Clean,2686,5252,4624,13,0,4058,cheap
2021-11-30,facebook,Wholesale,Interests,1859,1553,2395,17,1,2228,hobby
2021-11-30,facebook,Wholesale,Wide,2438,8699,2065,20,1,3329,cheap
2021-11-30,google,Wholesale,Clean,1836,761,2478,25,0,2713,cheap
2021-11-30,google,Wholesale,Interests,1956,4090,4681,15,0,1697,hobby
2021-11-30,google,Wholesale,Wide,1135,3852,1876,7,1,950,cheap
2021-12-01,facebook,Lookalike,Broad,5578,22293,45423,150,7,9013,you_might_like
2021-12-01,facebook,Lookalike,Broad new,7353,8503,9219,58,1,8587,you_might_like
2021-12-01,facebook,Lookalike,Trending new,24678,50063,73278,238,11,31435,тренд
2021-12-01,facebook,Trendy,Cringe,1221,3475,8374,11,1,2322,тренд
2021-12-01,facebook,Trendy,Lifestyle,2462,6212,15473,40,2,4404,тренд
2021-12-01,facebook,Wholesale,Clean,849,2383,7186,18,1,709,cheap
2021-12-01,facebook,Wholesale,Interests,1576,1048,3330,28,1,2207,hobby
2021-12-01,facebook,Wholesale,Wide,1078,5111,4668,33,0,1328,cheap
2021-12-01,google,Wholesale,Clean,1420,5981,3157,13,1,1121,cheap
2021-12-01,google,Wholesale,Interests,1494,657,3365,13,0,1526,hobby
2021-12-02,facebook,Lookalike,Broad,9532,22350,11245,316,4,8232,you_might_like
2021-12-02,facebook,Lookalike,Broad new,1762,6642,5030,59,2,1365,you_might_like
2021-12-02,facebook,Lookalike,Trending new,11503,58903,20901,530,12,14435,тренд
2021-12-02,facebook,Trendy,Cringe,748,5680,7379,18,2,1695,тренд
2021-12-02,facebook,Trendy,Lifestyle,1886,17128,5371,47,1,2883,тренд
2021-12-02,facebook,Wholesale,Wide,2918,3040,4273,47,1,3837,cheap
2021-12-02,google,Wholesale,Clean,2062,1743,2046,7,1,2815,cheap
2021-12-02,google,Wholesale,Wide,591,3406,3791,30,1,661,cheap
2021-12-03,facebook,Lookalike,Broad,9578,24924,27277,321,3,15224,you_might_like
2021-12-03,facebook,Lookalike,Broad new,4806,7241,1573,32,1,4079,you_might_like
2021-12-03,facebook,Lookalike,Trending new,29663,72935,60798,405,14,22512,тренд
2021-12-03,facebook,Trendy,Cringe,1293,1613,5040,20,2,1787,тренд
2021-12-03,facebook,Trendy,Lifestyle,2596,19362,6881,118,1,4761,тренд
2021-12-03,facebook,Wholesale,Clean,880,1818,1146,19,0,1409,cheap
2021-12-03,facebook,Wholesale,Interests,779,2133,3116,18,1,869,hobby
2021-12-03,facebook,Wholesale,Wide,2219,6611,8390,28,1,2697,cheap
2021-12-03,google,Wholesale,Clean,272,2540,955,12,1,402,cheap
2021-12-04,facebook,Lookalike,Broad,8432,27017,5186,164,4,12854,you_might_like
2021-12-04,facebook,Lookalike,Broad new,1857,6916,6218,118,0,1453,you_might_like
2021-12-04,facebook,Lookalike,Trending new,32997,37723,77365,423,3,34715,тренд
2021-12-04,facebook,Trendy,Cringe,529,2214,2588,48,1,1074,тренд
2021-12-04,facebook,Wholesale,Clean,1003,2518,2596,23,0,1745,cheap
2021-12-04,facebook,Wholesale,Interests,649,1536,817,5,0,977,hobby
2021-12-04,facebook,Wholesale,Wide,1071,2802,9055,33,0,1485,cheap
2021-12-04,google,Wholesale,Interests,165,582,383,4,0,182,hobby
2021-12-04,google,Wholesale,Wide,2103,5676,6833,20,1,1781,cheap
2021-12-05,facebook,Lookalike,Broad,9188,39577,35205,99,7,11916,you_might_like
2021-12-05,facebook,Lookalike,Broad new,1130,7461,10617,57,1,1568,you_might_like
2021-12-05,facebook,Trendy,Cringe,307,6481,6054,9,1,679,тренд
2021-12-05,facebook,Trendy,Lifestyle,2995,12096,18407,39,1,6238,тренд
2021-12-05,facebook,Wholesale,Clean,2867,5322,5743,18,1,4334,cheap
2021-12-05,facebook,Wholesale,Interests,363,2262,5192,8,0,547,hobby
2021-12-05,google,Wholesale,Clean,1309,1987,3743,27,1,1063,cheap
2021-12-05,google,Wholesale,Interests,869,5058,5915,7,1,852,hobby
2021-12-05,google,Wholesale,Wide,404,3483,6737,35,1,352,cheap
2021-12-06,facebook,Lookalike,Broad,4894,7816,18150,102,2,4627,you_might_like
2021-12-06,facebook,Lookalike,Broad new,6022,7384,3873,121,2,9118,you_might_like
2021-12-06,facebook,Lookalike,Trending new,37166,71831,58663,161,19,36547,тренд
2021-12-06,facebook,Trendy,Lifestyle,1230,26680,14977,85,1,1888,тренд
2021-12-06,facebook,Wholesale,Clean,850,7020,8046,22,1,1005,cheap
2021-12-06,facebook,Wholesale,Interests,1745,12690,3268,24,0,1856,
2021-12-06,facebook,Wholesale,Wide,1225,9562,4076,50,1,1451,cheap
2021-12-06,google,Wholesale,Clean,1565,1786,1540,6,0,1853,cheap
2021-12-06,google,Wholesale,Wide,1453,3747,5324,19,1,1703,cheap
2021-12-07,facebook,Lookalike,Broad,3115,20600,17683,67,1,4011,you_might_like
2021-12-07,facebook,Lookalike,Broad new,7762,3477,3477,33,3,10996,you_might_like
2021-12-07,facebook,Lookalike,Trending new,10086,24027,25808,521,5,9520,тренд
2021-12-07,facebook,Trendy,Cringe,571,3431,2697,19,0,960,тренд
2021-12-07,facebook,Trendy,Lifestyle,986,12669,18626,59,2,2111,тренд
2021-12-07,facebook,Wholesale,Clean,760,2900,4654,3,0,1327,cheap
2021-12-07,facebook,Wholesale,Interests,998,8126,5030,12,1,1451,hobby
2021-12-07,facebook,Wholesale,Wide,906,3575,2336,33,1,1226,cheap
2021-12-07,google,Wholesale,Clean,2207,5456,6842,15,0,1776,cheap
2021-12-07,google,Wholesale,Wide,1910,3654,2250,17,0,1568,cheap
2021-12-08,facebook,Lookalike,Broad,6746,12299,13487,143,1,11168,you_might_like
2021-12-08,facebook,Lookalike,Broad new,6829,2677,12182,250,2,8389,you_might_like
2021-12-08,facebook,Lookalike,Trending new,5948,18252,90462,618,7,7008,тренд
2021-12-08,facebook,Trendy,Cringe,379,1974,2307,6,0,668,тренд
2021-12-08,facebook,Trendy,Lifestyle,1607,13014,14876,51,1,3658,тренд
2021-12-08,facebook,Wholesale,Clean,1483,2828,6778,15,1,1888,cheap
2021-12-08,facebook,Wholesale,Interests,632,1824,5976,22,0,682,hobby
2021-12-08,facebook,Wholesale,Wide,3643,7427,7844,19,0,4569,cheap
2021-12-08,google,Wholesale,Interests,559,1542,978,6,1,546,hobby
2021-12-08,google,Wholesale,Wide,1927,2724,1878,17,1,1262,cheap
2021-12-09,facebook,Lookalike,Broad,6438,18147,10822,55,5,6717,you_might_like
2021-12-09,facebook,Lookalike,Broad new,2291,10617,12458,153,4,2555,you_might_like
2021-12-09,facebook,Lookalike,Trending new,33521,82196,53390,780,11,31739,тренд
2021-12-09,facebook,Trendy,Cringe,664,3630,4427,18,0,1359,тренд
2021-12-09,facebook,Trendy,Lifestyle,1933,5844,2775,30,2,2289,тренд
2021-12-09,facebook,Wholesale,Interests,428,5204,1620,14,0,620,hobby
2021-12-09,facebook,Wholesale,Wide,3258,5980,5042,54,2,3784,cheap
2021-12-09,google,Wholesale,Clean,769,3987,4200,18,1,983,cheap
2021-12-09,google,Wholesale,Wide,3352,2965,2528,57,2,4854,cheap
2021-12-10,facebook,Lookalike,Broad,4110,20007,5430,106,2,5629,you_might_like
2021-12-10,facebook,Lookalike,Broad new,3139,11086,2299,94,3,4747,you_might_like
2021-12-10,facebook,Lookalike,Trending new,15527,50102,57338,527,9,24906,тренд
2021-12-10,facebook,Trendy,Cringe,197,1676,1786,5,0,330,тренд
2021-12-10,facebook,Trendy,Lifestyle,930,9210,1976,58,0,1281,тренд
2021-12-10,facebook,Wholesale,Clean,838,3098,1555,12,0,985,cheap
2021-12-10,facebook,Wholesale,Interests,1867,1430,3195,10,1,2047,hobby
2021-12-10,facebook,Wholesale,Wide,1783,5904,4708,11,0,2884,cheap
2021-12-10,google,Wholesale,Interests,1046,3318,4495,20,0,1395,hobby
2021-12-10,google,Wholesale,Wide,605,6725,4642,27,0,476,cheap
2021-12-11,facebook,Lookalike,Broad,7579,15907,13733,116,2,8766,you_might_like
2021-12-11,facebook,Lookalike,Broad new,3742,7053,12108,194,2,3521,you_might_like
2021-12-11,facebook,Lookalike,Trending new,11986,59943,59418,1009,16,13359,тренд
2021-12-11,facebook,Trendy,Cringe,281,2774,3001,22,1,470,тренд
2021-12-11,facebook,Trendy,Lifestyle,509,10940,8455,44,1,904,тренд
2021-12-11,facebook,Wholesale,Clean,472,1667,3532,29,0,423,cheap
2021-12-11,facebook,Wholesale,Interests,2003,1370,3368,20,1,3440,hobby
2021-12-11,facebook,Wholesale,Wide,2393,4795,1778,20,0,1879,cheap
2021-12-11,google,Wholesale,Clean,1703,2553,3094,13,1,1860,cheap
2021-12-11,google,Wholesale,Interests,501,1475,938,26,1,341,hobby
2021-12-11,google,Wholesale,Wide,596,1297,1604,18,1,948,cheap
2021-12-12,facebook,Lookalike,Broad,4794,8617,24822,149,4,7238,you_might_like
2021-12-12,facebook,Lookalike,Broad new,3505,6531,9922,222,4,5462,you_might_like
2021-12-12,facebook,Lookalike,Trending new,22828,93620,74724,1026,10,31661,тренд
2021-12-12,facebook,Trendy,Cringe,369,2982,2424,7,1,429,тренд
2021-12-12,facebook,Trendy,Lifestyle,908,12855,9348,85,1,1310,тренд
2021-12-12,facebook,Wholesale,Clean,2736,4403,3848,9,0,3004,cheap
2021-12-12,facebook,Wholesale,Interests,1461,4162,2590,9,0,2170,hobby
2021-12-12,facebook,Wholesale,Wide,534,1648,2091,20,1,464,cheap
2021-12-12,google,Wholesale,Clean,1260,1445,4499,10,1,1022,cheap
2021-12-13,facebook,Lookalike,Broad,1684,6737,9016,45,3,1829,you_might_like
2021-12-13,facebook,Lookalike,Broad new,1244,3026,10527,48,1,1155,you_might_like
2021-12-13,facebook,Trendy,Cringe,216,761,1461,10,0,309,тренд
2021-12-13,facebook,Trendy,Lifestyle,298,4090,2315,19,0,369,тренд
2021-12-13,facebook,Wholesale,Clean,2688,2018,1850,41,0,3899,cheap
2021-12-13,facebook,Wholesale,Interests,1181,1728,4226,18,1,1046,hobby
2021-12-13,facebook,Wholesale,Wide,1809,3022,6011,14,1,2642,cheap
2021-12-13,google,Wholesale,Interests,335,1831,3012,19,0,219,hobby
2021-12-13,google,Wholesale,Wide,2383,3199,2009,28,1,2507,cheap
2021-12-14,facebook,Lookalike,Broad,5212,17038,19009,214,6,4238,you_might_like
2021-12-14,facebook,Lookalike,Broad new,1847,10329,4634,155,2,1785,you_might_like
2021-12-14,facebook,Lookalike,Trending new,33982,67432,46310,1099,11,57606,тренд
2021-12-14,facebook,Wholesale,Clean,2259,2549,3041,9,0,3688,cheap
2021-12-14,facebook,Wholesale,Interests,339,4913,2429,4,0,377,hobby
2021-12-14,facebook,Wholesale,Wide,3147,5033,6288,27,1,2768,cheap
2021-12-14,google,Wholesale,Wide,1337,1191,1805,38,0,1306,cheap
2021-12-15,facebook,Lookalike,Broad,6823,29315,26963,220,4,7093,you_might_like
2021-12-15,facebook,Lookalike,Broad new,7083,11085,3006,57,1,12344,you_might_like
2021-12-15,facebook,Lookalike,Trending new,7822,68882,54453,242,8,9642,тренд
2021-12-15,facebook,Trendy,Cringe,3193,11173,11981,50,1,4394,тренд
2021-12-15,facebook,Trendy,Lifestyle,4211,44387,26432,220,6,7513,тренд
2021-12-15,facebook,Wholesale,Clean,1965,4967,2179,14,0,2200,cheap
2021-12-15,facebook,Wholesale,Interests,773,5241,8253,9,1,1198,hobby
2021-12-15,facebook,Wholesale,Wide,678,5052,2760,20,0,834,cheap
2021-12-15,google,Wholesale,Clean,280,3658,670,2,0,274,cheap
2021-12-15,google,Wholesale,Interests,679,4471,3329,8,0,682,hobby
2021-12-16,facebook,Lookalike,Broad,2702,21344,24717,191,5,2821,you_might_like
2021-12-16,facebook,Lookalike,Trending new,7251,78227,72367,253,14,9871,тренд
2021-12-16,facebook,Trendy,Lifestyle,3373,12714,31832,258,5,5962,тренд
2021-12-16,facebook,Wholesale,Clean,1644,1740,2321,4,0,2359,cheap
2021-12-16,facebook,Wholesale,Interests,2763,6489,2495,21,1,4556,hobby
2021-12-16,facebook,Wholesale,Wide,2922,3020,6365,18,1,4981,cheap
2021-12-16,google,Wholesale,Clean,361,2145,1406,9,0,285,cheap
2021-12-16,google,Wholesale,Interests,656,2642,4949,20,0,1023,hobby
2021-12-16,google,Wholesale,Wide,1952,5264,6293,20,2,1325,cheap
2021-12-17,facebook,Lookalike,Broad,7407,12725,16267,320,8,10991,you_might_like
2021-12-17,facebook,Lookalike,Broad new,5873,6117,8478,80,0,6520,you_might_like
2021-12-17,facebook,Lookalike,Trending new,9647,42349,14740,644,9,14309,тренд
2021-12-17,facebook,Trendy,Cringe,2819,6542,6537,77,2,5506,тренд
2021-12-17,facebook,Trendy,Lifestyle,6574,11611,8716,124,2,15159,тренд
2021-12-17,facebook,Wholesale,Clean,335,2483,2372,17,0,359,cheap
2021-12-17,facebook,Wholesale,Interests,2910,2430,3933,4,1,3677,hobby
2021-12-17,facebook,Wholesale,Wide,1292,1681,5413,22,1,1269,cheap
2021-12-17,google,Wholesale,Clean,237,1312,2920,13,0,178,cheap
2021-12-17,google,Wholesale,Interests,905,3327,3238,14,1,1442,hobby
2021-12-17,google,Wholesale,Wide,1306,1742,665,37,0,2023,cheap
2021-12-18,facebook,Lookalike,Broad,7012,13789,18979,118,6,5979,you_might_like
2021-12-18,facebook,Lookalike,Broad new,5300,2332,3742,133,3,6233,you_might_like
2021-12-18,facebook,Lookalike,Trending new,12401,70503,62921,323,8,19578,тренд
2021-12-18,facebook,Trendy,Cringe,2515,15356,3874,101,1,2848,тренд
2021-12-18,facebook,Trendy,Lifestyle,4495,19000,15195,138,5,7271,тренд
2021-12-18,facebook,Wholesale,Interests,1820,5377,3304,5,0,2564,hobby
2021-12-18,google,Wholesale,Clean,1946,2852,4155,4,0,1937,cheap
2021-12-18,google,Wholesale,Interests,800,3061,1298,8,0,1262,hobby
2021-12-18,google,Wholesale,Wide,879,2179,4900,15,0,964,cheap
2021-12-19,facebook,Lookalike,Broad,6190,32172,27424,171,4,7389,you_might_like
2021-12-19,facebook,Lookalike,Broad new,1458,2707,8204,80,2,1343,you_might_like
2021-12-19,facebook,Lookalike,Trending new,7030,98658,67412,351,2,10136,тренд
2021-12-19,facebook,Trendy,Cringe,3974,8916,16955,133,2,9200,тренд
2021-12-19,facebook,Trendy,Lifestyle,6976,9735,8053,65,0,16739,тренд
2021-12-19,facebook,Wholesale,Clean,1608,3403,5088,12,1,2338,cheap
2021-12-19,facebook,Wholesale,Interests,2882,6649,1572,7,1,2616,hobby
2021-12-19,facebook,Wholesale,Wide,2231,1168,4869,4,1,3272,cheap
2021-12-19,google,Wholesale,Interests,271,1346,2074,15,1,254,hobby
2021-12-19,google,Wholesale,Wide,788,1283,4254,2,1,940,cheap
2021-12-20,facebook,Lookalike,Broad,1129,9845,8652,100,1,1869,you_might_like
2021-12-20,facebook,Lookalike,Broad new,4955,13682,9360,138,3,6061,you_might_like
2021-12-20,facebook,Lookalike,Trending new,35023,67447,54196,478,14,39892,тренд
2021-12-20,facebook,Wholesale,Clean,2825,989,3330,7,0,3504,cheap
2021-12-20,facebook,Wholesale,Interests,1349,3297,3005,6,0,2287,hobby
2021-12-20,facebook,Wholesale,Wide,403,878,2534,14,0,504,cheap
2021-12-20,google,Wholesale,Interests,483,5560,3376,13,1,703,hobby
2021-12-20,google,Wholesale,Wide,1178,2211,1642,10,1,1540,cheap
2021-12-21,facebook,Lookalike,Broad,3905,16405,3581,40,2,5272,you_might_like
2021-12-21,facebook,Lookalike,Broad new,6181,7733,7412,68,2,4854,you_might_like
2021-12-21,facebook,Lookalike,Trending new,36691,65342,18500,208,14,42283,тренд
2021-12-21,facebook,Trendy,Lifestyle,2489,9303,11573,21,1,4035,тренд
2021-12-21,facebook,Wholesale,Interests,1636,1074,2016,11,0,1817,hobby
2021-12-21,facebook,Wholesale,Wide,2029,3487,9094,50,0,2089,cheap
2021-12-21,google,Wholesale,Clean,978,2589,1379,13,0,1539,cheap
2021-12-21,google,Wholesale,Interests,144,2888,3622,9,0,194,hobby
2021-12-21,google,Wholesale,Wide,1328,8901,5605,23,1,1424,cheap
2021-12-22,facebook,Lookalike,Broad,1616,6928,3641,89,2,2796,you_might_like
2021-12-22,facebook,Lookalike,Trending new,13356,63306,37274,658,0,10389,тренд
2021-12-22,facebook,Trendy,Cringe,585,2574,1093,6,0,1434,тренд
2021-12-22,facebook,Trendy,Lifestyle,1540,7786,4336,32,1,2256,тренд
2021-12-22,facebook,Wholesale,Interests,325,668,2521,2,1,344,hobby
2021-12-22,facebook,Wholesale,Wide,3407,8358,4156,36,1,3752,cheap
2021-12-22,google,Wholesale,Interests,481,1515,1905,11,0,701,hobby
2021-12-22,google,Wholesale,Wide,2827,5717,3698,15,1,3240,cheap
2021-12-23,facebook,Lookalike,Broad,896,10784,9478,37,0,1474,you_might_like
2021-12-23,facebook,Lookalike,Broad new,8356,9689,4496,29,2,7610,you_might_like
2021-12-23,facebook,Lookalike,Trending new,27054,43768,30006,275,5,35926,тренд
2021-12-23,facebook,Trendy,Cringe,216,3566,6124,45,0,518,тренд
2021-12-23,facebook,Trendy,Lifestyle,1345,7027,4321,17,1,1904,тренд
2021-12-23,facebook,Wholesale,Clean,1069,1240,4134,4,1,1074,cheap
2021-12-23,facebook,Wholesale,Interests,1744,3739,1765,22,0,2058,hobby
2021-12-23,google,Wholesale,Clean,858,936,1356,9,1,789,cheap
2021-12-23,google,Wholesale,Interests,392,3672,2420,11,0,556,hobby
2021-12-24,facebook,Lookalike,Broad,2311,14815,12274,75,2,3844,you_might_like
2021-12-24,facebook,Lookalike,Trending new,19710,29024,72887,690,17,25197,тренд
2021-12-24,facebook,Trendy,Lifestyle,2031,7386,5873,30,1,4045,тренд
2021-12-24,facebook,Wholesale,Clean,745,5510,2946,11,1,808,cheap
2021-12-24,facebook,Wholesale,Interests,3041,2322,4853,5,1,4916,hobby
2021-12-24,facebook,Wholesale,Wide,1405,2142,2618,25,1,2087,cheap
2021-12-24,google,Wholesale,Clean,1113,1096,3257,5,1,1089,cheap
2021-12-24,google,Wholesale,Interests,700,1469,1016,13,1,833,hobby
2021-12-25,facebook,Lookalike,Broad,4719,9811,11101,20,2,7719,you_might_like
2021-12-25,facebook,Lookalike,Broad new,3062,9822,4330,38,4,5131,you_might_like
2021-12-25,facebook,Lookalike,Trending new,25455,30101,27071,139,8,31475,тренд
2021-12-25,facebook,Trendy,Lifestyle,2216,2976,4964,81,1,2876,тренд
2021-12-25,facebook,Wholesale,Clean,538,3560,3028,9,0,561,cheap
2021-12-25,facebook,Wholesale,Interests,788,3992,4254,7,0,652,hobby
2021-12-25,facebook,Wholesale,Wide,4562,9414,9106,29,1,5169,cheap
2021-12-25,google,Wholesale,Clean,1592,2912,2679,3,0,1387,cheap
2021-12-25,google,Wholesale,Interests,1605,3468,3144,12,0,1731,hobby
2021-12-25,google,Wholesale,Wide,4059,4409,6340,6,1,5585,cheap
2021-12-26,facebook,Lookalike,Broad,3480,6910,12371,32,1,5477,you_might_like
2021-12-26,facebook,Lookalike,Broad new,2086,8559,15311,67,4,3344,you_might_like
2021-12-26,facebook,Lookalike,Trending new,10384,53026,91745,366,2,16461,тренд
2021-12-26,facebook,Trendy,Cringe,652,2706,6757,56,0,1093,тренд
2021-12-26,facebook,Trendy,Lifestyle,1363,1952,11803,26,1,3396,тренд
2021-12-26,facebook,Wholesale,Clean,1448,3026,943,10,0,1396,cheap
2021-12-26,facebook,Wholesale,Interests,1277,3408,882,11,0,2087,hobby
2021-12-26,facebook,Wholesale,Wide,3721,6102,2272,34,1,4480,cheap
2021-12-26,google,Wholesale,Clean,1193,371,2216,8,0,1123,cheap
2021-12-26,google,Wholesale,Interests,1781,1895,1931,6,1,1623,hobby
2021-12-26,google,Wholesale,Wide,2729,4594,2887,23,1,1949,cheap
2021-12-27,facebook,Lookalike,Broad,1603,7027,5532,26,1,1694,you_might_like
2021-12-27,facebook,Lookalike,Broad new,6731,13171,4135,105,1,9222,you_might_like
2021-12-27,facebook,Lookalike,Trending new,35779,67466,34697,258,20,53255,тренд
2021-12-27,facebook,Trendy,Cringe,373,3265,6228,37,0,718,тренд
2021-12-27,facebook,Trendy,Lifestyle,491,2290,10366,41,0,786,тренд
2021-12-27,facebook,Wholesale,Clean,1002,2861,2482,6,1,1092,cheap
2021-12-27,facebook,Wholesale,Interests,1348,6485,6408,12,0,1421,hobby
2021-12-27,facebook,Wholesale,Wide,504,1160,3918,19,1,459,cheap
2021-12-27,google,Wholesale,Clean,347,2366,500,3,0,409,cheap
2021-12-27,google,Wholesale,Interests,1915,823,1101,32,2,2934,hobby
2021-12-27,google,Wholesale,Wide,1346,5023,4411,24,1,1073,cheap
2021-12-28,facebook,Lookalike,Broad,3026,10144,8897,76,1,5173,you_might_like
2021-12-28,facebook,Lookalike,Broad new,8690,7256,2405,35,3,12126,you_might_like
2021-12-28,facebook,Lookalike,Trending new,16632,51620,24350,285,8,17091,тренд
2021-12-28,facebook,Trendy,Cringe,750,6308,7448,16,0,1120,тренд
2021-12-28,facebook,Trendy,Lifestyle,1966,10708,5002,36,0,3723,тренд
2021-12-28,facebook,Wholesale,Clean,1946,6085,4857,15,1,1909,cheap
2021-12-28,facebook,Wholesale,Interests,737,5599,5024,6,0,556,hobby
2021-12-28,facebook,Wholesale,Wide,2236,4068,3905,30,0,3349,cheap
2021-12-28,google,Wholesale,Clean,531,1087,1871,15,0,832,cheap
2021-12-28,google,Wholesale,Interests,2316,3667,3240,9,0,3115,hobby
2021-12-28,google,Wholesale,Wide,2236,4405,1903,12,0,3064,cheap
2021-12-29,facebook,Lookalike,Broad,770,5544,7209,85,1,1122,you_might_like
2021-12-29,facebook,Lookalike,Broad new,7900,6864,12196,208,0,6106,you_might_like
2021-12-29,facebook,Trendy,Cringe,585,4108,7270,21,0,682,тренд
2021-12-29,facebook,Trendy,Lifestyle,990,2980,5681,70,0,2125,тренд
2021-12-29,facebook,Wholesale,Clean,943,3280,833,9,0,755,cheap
2021-12-29,facebook,Wholesale,Interests,2188,5621,2057,5,0,2322,hobby
2021-12-29,facebook,Wholesale,Wide,2949,3893,7076,37,1,4064,cheap
2021-12-29,google,Wholesale,Clean,500,3047,1811,3,0,457,cheap
2021-12-29,google,Wholesale,Interests,2306,3304,3878,3,0,2236,hobby
2021-12-29,google,Wholesale,Wide,1791,3869,2546,16,1,2111,cheap
2021-12-30,facebook,Lookalike,Broad,902,9729,5067,54,1,761,you_might_like
2021-12-30,facebook,Lookalike,Broad new,5402,2695,13830,98,1,4921,you_might_like
2021-12-30,facebook,Lookalike,Trending new,16452,32103,71672,745,14,18620,тренд
2021-12-30,facebook,Trendy,Cringe,813,3152,959,27,0,1257,тренд
2021-12-30,facebook,Trendy,Lifestyle,2379,5681,10408,31,0,5110,тренд
2021-12-30,facebook,Wholesale,Interests,1197,6318,2722,8,1,905,hobby
2021-12-30,facebook,Wholesale,Wide,1422,4493,3403,21,1,1452,cheap
2021-12-30,google,Wholesale,Clean,1410,440,1444,7,0,1176,cheap
2021-12-31,facebook,Lookalike,Broad new,1600,4270,1383,19,1,1269,you_might_like
2021-12-31,facebook,Lookalike,Trending new,12719,20429,5918,175,1,12617,тренд
2021-12-31,facebook,Trendy,Cringe,440,8756,3520,26,1,763,тренд
2021-12-31,facebook,Trendy,Lifestyle,442,16589,4549,37,1,869,тренд
2021-12-31,facebook,Wholesale,Clean,510,295,1211,4,0,548,cheap
2021-12-31,facebook,Wholesale,Interests,552,2050,1914,5,0,794,hobby
2021-12-31,facebook,Wholesale,Wide,1075,4360,3295,15,0,1451,cheap
2021-12-31,google,Wholesale,Interests,430,1986,1964,4,0,652,hobby
2022-01-01,facebook,Lookalike,Broad new,0,0,0,0,0,0,you_might_like
2022-01-01,facebook,Lookalike,Trending new,0,0,0,0,0,0,тренд
2022-01-01,facebook,Trendy,Cringe,187,10220,2699,24,0,371,тренд
2022-01-01,facebook,Trendy,Lifestyle,939,20050,10192,131,3,1600,тренд
2022-01-01,facebook,Trendy,Trending new,522,21804,18485,105,5,871,тренд
2022-01-01,facebook,Wholesale,Interests,0,0,0,0,0,0,hobby
2022-01-01,google,Wholesale,Interests,0,0,0,0,0,0,hobby
2022-01-02,facebook,Lookalike,Trending new,0,0,0,0,0,0,тренд
2022-01-02,facebook,Trendy,Cringe,0,0,0,0,0,0,тренд
2022-01-02,facebook,Trendy,Lifestyle,0,0,0,0,0,0,тренд
2022-01-02,facebook,Trendy,Trending new,2988,8208,25017,140,2,5438,тренд
2022-01-02,facebook,Wholesale,Wide,0,0,0,0,0,0,cheap
2022-01-02,google,Wholesale,Wide,0,0,0,0,0,0,cheap
2022-01-03,facebook,Lookalike,Trending new,0,0,0,0,0,0,тренд
2022-01-03,facebook,Trendy,Lifestyle,0,0,0,0,0,0,тренд
2022-01-03,facebook,Trendy,Trending new,3201,44784,27499,306,5,5410,тренд
2022-01-03,facebook,Wholesale,Clean,0,0,0,0,0,0,cheap
2022-01-03,google,Wholesale,Clean,0,0,0,0,0,0,cheap
2022-01-04,facebook,Trendy,Trending new,964,30504,8447,100,2,2117,тренд
2022-01-04,facebook,Wholesale,Wide,0,0,0,0,0,0,cheap
2022-01-04,google,Wholesale,Wide,0,0,0,0,0,0,cheap
2022-01-05,facebook,Wholesale,Clean,0,0,0,0,0,0,cheap
2022-01-05,google,Wholesale,Clean,0,0,0,0,0,0,cheap
2022-01-06,facebook,Trendy,Trending new,3800,26336,6439,206,1,8735,тренд
2022-01-07,facebook,Trendy,Trending new,2891,41669,37885,224,8,7102,тренд
2022-01-08,facebook,Trendy,Trending new,2263,12824,11190,220,3,5332,тренд
2022-01-09,facebook,Trendy,Trending new,2850,32217,12034,383,2,5873,тренд
2022-01-10,facebook,Trendy,Trending new,685,17826,20682,151,5,900,тренд
2022-01-11,facebook,Trendy,Trending new,1146,32720,21521,32,2,2850,тренд
2022-01-12,facebook,Trendy,Trending new,838,16934,30769,106,2,918,тренд
2022-01-13,facebook,Trendy,Trending new,711,31288,7186,119,4,811,тренд
2022-01-14,facebook,Trendy,Trending new,1894,9045,7374,168,2,3738,тренд
2022-01-15,facebook,Trendy,Trending new,2934,13238,25973,55,1,5689,тренд
2022-01-16,facebook,Trendy,Trending new,3511,26504,15855,79,3,8419,тренд
2022-01-17,facebook,Trendy,Trending new,1758,3215,12585,96,1,3535,тренд
2022-01-18,facebook,Trendy,Trending new,0,0,0,0,0,0,тренд
2022-01-19,facebook,Trendy,Trending new,0,0,0,0,0,0,тренд
2022-01-20,facebook,Trendy,Trending new,0,0,0,0,0,0,тренд
2022-01-25,facebook,Trendy,Trending new,1591,4220,4274,53,0,3149,тренд
2022-01-26,facebook,Trendy,Trending new,2158,9485,6325,104,1,2354,тренд
2022-01-27,facebook,Trendy,Trending new,450,5092,10260,66,1,591,тренд
2022-01-28,facebook,Trendy,Trending new,1927,4607,12441,147,1,2877,тренд
2022-01-29,facebook,Trendy,Trending new,1804,15815,13143,22,2,2477,тренд
2022-01-30,facebook,Trendy,Trending new,998,6179,12124,93,2,1984,тренд
2022-01-31,facebook,Trendy,Trending new,1693,19554,3318,80,2,3383,тренд
2022-02-02,facebook,Trendy,Trending new,813,5202,6988,23,1,1190,тренд
2022-02-03,facebook,Trendy,Trending new,544,15077,3775,95,1,971,тренд
2022-02-04,facebook,Trendy,Trending new,990,14389,14013,27,0,2081,тренд
2022-02-05,facebook,Trendy,Trending new,1775,9732,7990,71,2,3426,тренд
2022-02-06,facebook,Trendy,Trending new,578,11941,16591,66,3,917,тренд
2022-02-07,facebook,Trendy,Trending new,1602,20425,19242,174,1,2999,тренд
2022-02-08,facebook,Trendy,Trending new,699,27130,23740,102,0,1286,тренд
2022-02-09,facebook,Trendy,Trending new,1425,16773,9630,63,1,3305,тренд
2022-02-11,facebook,Trendy,Trending new,2699,6987,19218,129,2,5454,тренд
2022-02-12,facebook,Trendy,Trending new,806,9780,13197,197,2,1908,тренд
2022-02-13,facebook,Trendy,Trending new,3716,23426,4439,57,3,8988,тренд
2022-02-14,facebook,Trendy,Trending new,797,33804,19147,164,3,1725,тренд
2022-02-16,facebook,Trendy,Trending new,3289,10580,10853,105,2,5807,тренд
2022-02-17,facebook,Trendy,Trending new,2232,4345,4111,112,3,3088,тренд
2022-02-18,facebook,Trendy,Trending new,1715,9152,15841,114,1,3605,тренд
2022-02-19,facebook,Trendy,Trending new,642,8206,19650,133,2,702,тренд
2022-02-20,facebook,Trendy,Trending new,1033,20064,24378,142,5,1737,тренд
2022-02-21,facebook,Trendy,Trending new,614,25970,4594,99,4,1223,тренд
2022-02-22,facebook,Trendy,Trending new,957,30855,9259,101,2,1123,тренд
2022-02-23,facebook,Trendy,Trending new,3400,43659,42474,182,2,8069,тренд
2022-02-24,facebook,Trendy,Trending new,734,6302,7063,10,0,1157,тренд
2022-03-19,facebook,Expansion,Pretty,9407,1731,2753,33,1,12531,twitch
2022-03-19,facebook,Expansion,Streaming,23775,24710,17726,74,4,31241,twitch
2022-03-19,facebook,Expansion,Unknown,5157,2917,2701,12,0,8812,twitch
2022-03-19,google,Expansion,Pretty,8061,3182,2777,32,0,11920,twitch
2022-03-19,google,Expansion,Products,3083,3431,2524,7,1,2434,upgrade
2022-03-19,google,Expansion,Streaming,22480,4693,19684,143,1,34731,twitch
2022-03-19,google,Expansion,Top gear,2341,668,1544,24,1,1940,top_gear
2022-03-20,facebook,Expansion,Pretty,19216,9950,2944,91,2,28496,twitch
2022-03-20,facebook,Expansion,Products,3489,11562,6366,76,0,4308,upgrade
2022-03-20,facebook,Expansion,Streaming,27690,65292,13220,592,9,40859,twitch
2022-03-20,facebook,Expansion,Top gear,682,92,123,2,0,621,top_gear
2022-03-20,google,Expansion,Pretty,12089,12685,12346,128,0,17071,twitch
2022-03-20,google,Expansion,Streaming,60914,21972,40164,584,10,56795,twitch
2022-03-20,google,Expansion,Unknown,7578,4927,2785,41,1,11261,twitch
2022-03-21,facebook,Expansion,Pretty,20770,4377,7376,167,0,28583,twitch
2022-03-21,facebook,Expansion,Products,14342,6384,9715,51,3,16235,upgrade
2022-03-21,facebook,Expansion,Streaming,14536,45072,9148,509,8,19770,twitch
2022-03-21,facebook,Expansion,Top gear,319,151,45,1,0,376,top_gear
2022-03-21,facebook,Expansion,Unknown,5240,9648,2073,96,1,4770,twitch
2022-03-21,google,Expansion,Pretty,12566,7596,8284,56,2,13957,twitch
2022-03-21,google,Expansion,Products,10289,1584,4165,48,3,11299,upgrade
2022-03-21,google,Expansion,Streaming,14175,40831,19359,480,2,13028,twitch
2022-03-21,google,Expansion,Top gear,234,148,86,2,0,158,top_gear
2022-03-21,google,Expansion,Unknown,10333,4191,2113,73,2,8809,twitch
2022-03-22,facebook,Expansion,Pretty,12099,13379,9440,58,2,9921,twitch
2022-03-22,facebook,Expansion,Products,8699,2388,6020,65,1,13821,upgrade
2022-03-22,facebook,Expansion,Streaming,46435,46176,39764,220,9,68214,twitch
2022-03-22,facebook,Expansion,Top gear,251,30,98,1,0,203,top_gear
2022-03-22,facebook,Expansion,Unknown,9424,1808,8964,41,0,13302,twitch
2022-03-22,google,Expansion,Pretty,11445,2411,1625,199,3,9021,twitch
2022-03-22,google,Expansion,Products,11457,3581,9094,83,1,12249,upgrade
2022-03-22,google,Expansion,Top gear,124,151,131,3,0,115,top_gear
2022-03-22,google,Expansion,Unknown,8643,3708,2403,90,2,8721,twitch
2022-03-23,facebook,Expansion,Pretty,8904,14622,4433,71,5,8472,twitch
2022-03-23,facebook,Expansion,Products,6929,6125,4250,24,1,5817,upgrade
2022-03-23,facebook,Expansion,Streaming,56347,35016,15621,200,6,86118,twitch
2022-03-23,facebook,Expansion,Top gear,1265,234,531,8,0,1089,top_gear
2022-03-23,facebook,Expansion,Unknown,16167,6577,3112,111,0,25900,twitch
2022-03-23,google,Expansion,Pretty,14524,4243,3867,110,1,9678,twitch
2022-03-23,google,Expansion,Products,15018,10332,5591,11,2,13856,upgrade
2022-03-23,google,Expansion,Streaming,50500,31250,4784,367,4,38213,twitch
2022-03-23,google,Expansion,Top gear,389,501,339,6,0,437,top_gear
2022-03-23,google,Expansion,Unknown,11542,9082,4447,43,1,13244,twitch
2022-03-24,facebook,Expansion,Pretty,14372,6341,2400,207,6,19952,twitch
2022-03-24,facebook,Expansion,Products,20418,3415,2536,29,4,31684,upgrade
2022-03-24,facebook,Expansion,Top gear,264,136,264,2,0,261,top_gear
2022-03-24,facebook,Expansion,Unknown,17706,5664,12157,169,4,23201,twitch
2022-03-24,google,Expansion,Pretty,20319,2748,10928,254,5,20998,twitch
2022-03-24,google,Expansion,Products,3868,6313,9148,29,1,4227,upgrade
2022-03-24,google,Expansion,Streaming,23208,28572,19188,674,1,18889,twitch
2022-03-24,google,Expansion,Top gear,439,86,121,3,0,303,top_gear
2022-03-24,google,Expansion,Unknown,10566,8442,9226,92,3,8535,twitch
2022-03-25,facebook,Expansion,Pretty,35696,8490,5535,347,4,27537,twitch
2022-03-25,facebook,Expansion,Products,19775,5132,11780,31,1,32217,upgrade
2022-03-25,facebook,Expansion,Streaming,38752,14832,27453,786,6,36207,twitch
2022-03-25,facebook,Expansion,Unknown,19743,11217,6873,140,0,16638,twitch
2022-03-25,google,Expansion,Pretty,25957,16764,4532,198,2,42436,twitch
2022-03-25,google,Expansion,Products,5878,2772,3530,26,0,6113,upgrade
2022-03-25,google,Expansion,Streaming,20098,33651,38247,313,9,19877,twitch
2022-03-25,google,Expansion,Unknown,4446,7848,8362,56,2,3770,twitch
2022-03-26,facebook,Expansion,Pretty,33487,12331,13684,171,6,38864,twitch
2022-03-26,facebook,Expansion,Products,9673,15693,6752,47,4,8096,upgrade
2022-03-26,facebook,Expansion,Top gear,784,562,195,4,0,645,top_gear
2022-03-26,facebook,Expansion,Unknown,3541,16754,12197,120,3,4366,twitch
2022-03-26,facebook,Hobbies,Outdoors,1280,9279,13491,92,3,1281,upgrades
2022-03-26,facebook,Hobbies,Slow,1096,8229,4557,271,6,1179,upgrades
2022-03-26,facebook,Hobbies,Tinkering,384,17294,12190,260,7,436,upgrades
2022-03-26,google,Expansion,Pretty,25555,12760,6832,41,6,24352,twitch
2022-03-26,google,Expansion,Products,8386,8433,6589,14,0,12613,upgrade
2022-03-26,google,Expansion,Streaming,41719,28359,34817,169,5,37088,twitch
2022-03-26,google,Expansion,Top gear,1162,263,372,5,0,1045,top_gear
2022-03-26,google,Expansion,Unknown,6244,5035,2579,156,1,9869,twitch
2022-03-26,google,Hobbies,Outdoors,1012,9207,13232,115,6,731,upgrades
2022-03-26,google,Hobbies,Slow,735,6545,14994,294,1,499,upgrades
2022-03-26,google,Hobbies,Tinkering,790,13198,11434,199,1,734,upgrades
2022-03-27,facebook,Expansion,Pretty,8509,4320,5959,169,1,11550,twitch
2022-03-27,facebook,Expansion,Products,16728,18388,15451,22,4,22844,upgrade
2022-03-27,facebook,Expansion,Streaming,68412,27172,50533,461,1,76360,twitch
2022-03-27,facebook,Expansion,Top gear,1736,562,485,23,0,1711,top_gear
2022-03-27,facebook,Expansion,Unknown,22314,24121,20499,314,3,20317,twitch
2022-03-27,facebook,Hobbies,Outdoors,1723,18484,17617,280,10,2285,upgrades
2022-03-27,facebook,Hobbies,Slow,1171,35796,21399,706,6,1317,upgrades
2022-03-27,facebook,Hobbies,Tinkering,914,24716,48022,322,17,756,upgrades
2022-03-27,google,Expansion,Pretty,10159,11219,11769,35,1,11589,twitch
2022-03-27,google,Expansion,Products,13165,10393,14063,70,1,16819,upgrade
2022-03-27,google,Expansion,Top gear,1053,351,979,14,0,876,top_gear
2022-03-27,google,Expansion,Unknown,16256,16400,6743,136,1,18768,twitch
2022-03-27,google,Hobbies,Slow,438,22930,26013,392,10,577,upgrades
2022-03-27,google,Hobbies,Tinkering,2689,45300,32366,175,9,2741,upgrades
2022-03-28,facebook,Expansion,Pretty,11164,3180,6673,282,1,14079,twitch
2022-03-28,facebook,Expansion,Products,25718,5574,13441,66,0,28467,upgrade
2022-03-28,facebook,Expansion,Streaming,78872,36772,8985,464,9,123616,twitch
2022-03-28,facebook,Expansion,Top gear,758,792,526,7,0,958,top_gear
2022-03-28,facebook,Expansion,Unknown,26404,9090,4756,283,2,42513,twitch
2022-03-28,facebook,Hobbies,Outdoors,3157,59912,48951,101,6,2581,upgrades
2022-03-28,facebook,Hobbies,Slow,1918,16382,22346,487,9,2542,upgrades
2022-03-28,facebook,Hobbies,Tinkering,1960,25117,29359,197,0,2999,upgrades
2022-03-28,google,Expansion,Products,7463,8091,13407,121,2,12070,upgrade
2022-03-28,google,Expansion,Streaming,17852,21306,23944,703,9,22863,twitch
2022-03-28,google,Expansion,Top gear,1480,182,181,5,0,981,top_gear
2022-03-28,google,Hobbies,Outdoors,2940,21149,9726,387,3,4070,upgrades
2022-03-28,google,Hobbies,Slow,392,10062,28967,129,4,519,upgrades
2022-03-28,google,Hobbies,Tinkering,2400,40423,10139,377,14,3231,upgrades
2022-03-29,facebook,Expansion,Pretty,20776,6715,11705,231,6,20822,twitch
2022-03-29,facebook,Expansion,Products,9658,4224,8340,66,3,12302,upgrade
2022-03-29,facebook,Expansion,Streaming,97021,14350,52306,906,3,150183,twitch
2022-03-29,facebook,Expansion,Top gear,635,665,416,5,0,1080,top_gear
2022-03-29,facebook,Expansion,Unknown,3787,1866,1172,37,0,5469,twitch
2022-03-29,facebook,Hobbies,Outdoors,2824,10784,55209,486,3,2454,upgrades
2022-03-29,facebook,Hobbies,Slow,436,14711,7841,320,10,667,upgrades
2022-03-29,facebook,Hobbies,Tinkering,1703,34558,48140,226,7,2855,upgrades
2022-03-29,google,Expansion,Pretty,4511,5669,5893,238,6,5316,twitch
2022-03-29,google,Expansion,Top gear,1129,622,385,6,0,805,top_gear
2022-03-29,google,Expansion,Unknown,12319,921,5966,41,0,12186,twitch
2022-03-29,google,Hobbies,Outdoors,1285,28992,7608,487,11,1623,upgrades
2022-03-29,google,Hobbies,Slow,709,14653,14907,164,8,668,upgrades
2022-03-29,google,Hobbies,Tinkering,2084,30709,33769,227,2,2454,upgrades
2022-03-30,facebook,Expansion,Pretty,27801,16539,6222,338,6,38782,twitch
2022-03-30,facebook,Expansion,Products,13473,16448,16449,39,2,17407,upgrade
2022-03-30,facebook,Expansion,Streaming,17579,36004,23358,261,9,20988,twitch
2022-03-30,facebook,Expansion,Top gear,1364,656,685,5,0,1773,top_gear
2022-03-30,facebook,Expansion,Unknown,31453,9217,11212,203,1,25177,twitch
2022-03-30,facebook,Hobbies,Outdoors,1563,17675,9885,344,1,1238,upgrades
2022-03-30,facebook,Hobbies,Slow,2444,20925,7467,307,5,3090,upgrades
2022-03-30,facebook,Hobbies,Tinkering,656,45893,24777,116,7,1123,upgrades
2022-03-30,google,Expansion,Pretty,15394,12558,8484,143,0,14228,twitch
2022-03-30,google,Expansion,Products,23950,19372,6425,45,3,18655,upgrade
2022-03-30,google,Expansion,Streaming,31018,14370,6577,340,8,30719,twitch
2022-03-30,google,Expansion,Top gear,671,332,357,15,0,914,top_gear
2022-03-30,google,Expansion,Unknown,30495,11692,10661,107,0,44315,twitch
2022-03-30,google,Hobbies,Outdoors,2475,12062,35897,433,11,1800,upgrades
2022-03-30,google,Hobbies,Slow,605,22541,26286,421,10,411,upgrades
2022-03-30,google,Hobbies,Tinkering,556,7034,6130,162,4,782,upgrades
2022-03-31,facebook,Expansion,Pretty,31837,4864,16702,275,6,52205,twitch
2022-03-31,facebook,Expansion,Products,8767,6960,22220,150,6,13108,upgrade
2022-03-31,facebook,Expansion,Streaming,80472,26656,41081,457,3,101485,twitch
2022-03-31,facebook,Expansion,Top gear,1714,877,187,11,0,2997,top_gear
2022-03-31,facebook,Expansion,Unknown,13668,11137,11682,115,4,14516,twitch
2022-03-31,facebook,Hobbies,Outdoors,3101,25931,33820,504,3,2436,upgrades
2022-03-31,facebook,Hobbies,Slow,2319,12727,9871,345,6,3018,upgrades
2022-03-31,facebook,Hobbies,Tinkering,3471,41691,21437,283,9,4517,upgrades
2022-03-31,google,Expansion,Pretty,12167,12395,5800,129,5,8703,twitch
2022-03-31,google,Expansion,Streaming,35223,37534,40414,619,12,24162,twitch
2022-03-31,google,Expansion,Top gear,2603,549,678,4,1,2048,top_gear
2022-03-31,google,Hobbies,Outdoors,881,11290,37237,250,9,1411,upgrades
2022-04-01,facebook,Expansion,Pretty,21188,9962,13008,210,1,26948,twitch
2022-04-01,facebook,Expansion,Products,5935,24978,5023,19,4,5435,upgrade
2022-04-01,facebook,Expansion,Streaming,21663,17739,27645,609,0,17864,twitch
2022-04-01,facebook,Expansion,Top gear,4422,1800,1726,21,1,4474,top_gear
2022-04-01,facebook,Expansion,Unknown,19213,6926,4436,82,2,17879,twitch
2022-04-01,facebook,Hobbies,Outdoors,3224,25113,15121,193,6,4213,upgrades
2022-04-01,facebook,Hobbies,Slow,2325,15292,7672,58,5,2317,upgrades
2022-04-01,facebook,Hobbies,Tinkering,2276,33827,29871,189,4,2538,upgrades
2022-04-01,google,Expansion,Pretty,4973,6393,2539,151,4,3460,twitch
2022-04-01,google,Expansion,Products,15413,16995,17873,71,1,14553,upgrade
2022-04-01,google,Expansion,Streaming,17421,19004,22879,499,5,11581,twitch
2022-04-01,google,Expansion,Top gear,987,647,758,22,1,1304,top_gear
2022-04-01,google,Expansion,Unknown,3081,13157,9350,133,0,5068,twitch
2022-04-01,google,Hobbies,Outdoors,754,26061,7205,281,7,951,upgrades
2022-04-01,google,Hobbies,Slow,1690,20037,21785,129,6,2567,upgrades
2022-04-01,google,Hobbies,Tinkering,906,33026,6788,237,5,1168,upgrades
2022-04-02,facebook,Expansion,Pretty,21739,5987,7834,139,2,28710,twitch
2022-04-02,facebook,Expansion,Products,10146,27695,17587,29,2,15589,upgrade
2022-04-02,facebook,Expansion,Streaming,71287,14185,29831,602,10,76276,twitch
2022-04-02,facebook,Expansion,Top gear,1083,888,389,22,0,981,top_gear
2022-04-02,facebook,Expansion,Unknown,39994,7600,28836,153,2,42620,twitch
2022-04-02,facebook,Hobbies,Outdoors,653,18078,14503,656,7,1106,upgrades
2022-04-02,facebook,Hobbies,Tinkering,687,16505,17635,207,9,533,upgrades
2022-04-02,google,Expansion,Pretty,22126,12843,14069,265,6,34154,twitch
2022-04-02,google,Expansion,Products,18383,5148,15287,22,4,14579,upgrade
2022-04-02,google,Expansion,Streaming,80054,34786,23612,272,2,91332,twitch
2022-04-02,google,Expansion,Top gear,2115,283,167,5,0,1867,top_gear
2022-04-02,google,Hobbies,Slow,1846,26056,12583,46,6,1758,upgrades
2022-04-02,google,Hobbies,Tinkering,1072,44479,11145,330,6,1389,upgrades
2022-04-03,facebook,Expansion,Pretty,22848,29339,20801,194,7,31177,twitch
2022-04-03,facebook,Expansion,Products,7095,8233,21455,89,4,11621,upgrade
2022-04-03,facebook,Expansion,Streaming,65573,44793,30271,118,7,111636,twitch
2022-04-03,facebook,Expansion,Top gear,1186,1355,975,4,0,1565,top_gear
2022-04-03,facebook,Expansion,Unknown,46616,19460,28964,179,6,73227,twitch
2022-04-03,facebook,Hobbies,Outdoors,2749,54823,18537,449,6,2571,upgrades
2022-04-03,google,Expansion,Products,27416,3260,11787,99,4,34284,upgrade
2022-04-03,google,Expansion,Streaming,57156,13455,24452,160,2,68033,twitch
2022-04-03,google,Expansion,Top gear,1708,405,621,2,0,2374,top_gear
2022-04-03,google,Expansion,Unknown,14992,27664,9895,244,3,21003,twitch
2022-04-03,google,Hobbies,Outdoors,388,5892,42421,164,12,505,upgrades
2022-04-03,google,Hobbies,Slow,1193,25009,20738,163,7,1025,upgrades
2022-04-04,facebook,Expansion,Pretty,44084,11650,15965,346,5,56879,twitch
2022-04-04,facebook,Expansion,Products,35460,28230,13043,25,3,47943,upgrade
2022-04-04,facebook,Expansion,Streaming,34457,50289,43369,701,9,54140,twitch
2022-04-04,facebook,Expansion,Top gear,624,718,291,14,0,916,top_gear
2022-04-04,facebook,Expansion,Unknown,30049,26318,6099,439,5,35838,twitch
2022-04-04,facebook,Hobbies,Outdoors,2536,11951,44144,643,0,4115,upgrades
2022-04-04,facebook,Hobbies,Slow,3319,21563,7731,332,4,5236,upgrades
2022-04-04,facebook,Hobbies,Tinkering,3354,14412,18147,353,11,5165,upgrades
2022-04-04,google,Expansion,Pretty,32632,5915,17221,326,2,26698,twitch
2022-04-04,google,Expansion,Products,13607,2679,10019,14,2,12650,upgrade
2022-04-04,google,Expansion,Top gear,1828,412,478,7,0,2089,top_gear
2022-04-04,google,Hobbies,Slow,2667,19818,23857,262,8,3003,upgrades
2022-04-04,google,Hobbies,Tinkering,1264,51799,11184,96,9,1572,upgrades
2022-04-05,facebook,Expansion,Pretty,45152,19189,12587,244,7,53175,twitch
2022-04-05,facebook,Expansion,Products,19688,11598,4911,72,2,19610,upgrade
2022-04-05,facebook,Expansion,Streaming,39345,45090,20685,680,10,54988,twitch
2022-04-05,facebook,Expansion,Top gear,2899,1012,1180,13,0,2440,top_gear
2022-04-05,facebook,Hobbies,Outdoors,3627,30434,11473,350,4,5423,upgrades
2022-04-05,facebook,Hobbies,Slow,3825,11325,13464,209,6,4003,upgrades
2022-04-05,facebook,Hobbies,Tinkering,1707,13886,30673,289,5,1491,upgrades
2022-04-05,google,Expansion,Streaming,21643,31196,24056,118,11,22354,twitch
2022-04-05,google,Expansion,Top gear,1593,869,826,13,0,1659,top_gear
2022-04-05,google,Hobbies,Outdoors,842,30356,40604,351,10,1223,upgrades
2022-04-05,google,Hobbies,Slow,1118,31538,7957,176,0,1085,upgrades
2022-04-05,google,Hobbies,Tinkering,487,13615,29452,134,7,533,upgrades
2022-04-06,facebook,Expansion,Pretty,6517,18878,14532,335,7,5179,twitch
2022-04-06,facebook,Expansion,Products,5902,20706,13168,90,0,9236,upgrade
2022-04-06,facebook,Expansion,Streaming,74257,13018,14131,440,5,66859,twitch
2022-04-06,facebook,Expansion,Top gear,429,273,286,4,0,398,top_gear
2022-04-06,facebook,Expansion,Unknown,35271,18779,17390,333,2,47935,twitch
2022-04-06,facebook,Hobbies,Outdoors,4539,40895,26418,368,10,6332,upgrades
2022-04-06,facebook,Hobbies,Slow,1874,51872,46957,238,2,1879,upgrades
2022-04-06,google,Expansion,Products,30935,16269,6485,98,2,33858,upgrade
2022-04-06,google,Expansion,Unknown,35917,20812,18481,51,1,29743,twitch
2022-04-06,google,Hobbies,Outdoors,3643,12444,49233,169,13,3789,upgrades
2022-04-06,google,Hobbies,Slow,3283,26765,41561,239,6,3311,upgrades
2022-04-07,facebook,Expansion,Pretty,9627,11306,3664,306,7,16831,twitch
2022-04-07,facebook,Expansion,Products,22280,19157,18796,84,3,29532,upgrade
2022-04-07,facebook,Expansion,Top gear,772,215,133,2,0,1028,top_gear
2022-04-07,facebook,Expansion,Unknown,35410,8799,18622,100,4,41351,twitch
2022-04-07,facebook,Hobbies,Outdoors,4631,22966,27815,459,1,4964,upgrades
2022-04-07,facebook,Hobbies,Slow,5874,57359,26261,491,3,7993,upgrades
2022-04-07,facebook,Hobbies,Tinkering,3411,17275,29352,308,4,3370,upgrades
2022-04-07,google,Expansion,Pretty,24516,9319,5462,220,5,17981,twitch
2022-04-07,google,Expansion,Products,19282,15956,17488,89,3,12754,upgrade
2022-04-07,google,Expansion,Streaming,69111,29506,23857,282,1,65707,twitch
2022-04-07,google,Expansion,Unknown,14092,2965,7223,193,1,21158,twitch
2022-04-07,google,Hobbies,Outdoors,5544,61734,61801,262,10,8528,upgrades
2022-04-08,facebook,Expansion,Pretty,14987,11812,12682,252,2,14457,twitch
2022-04-08,facebook,Expansion,Products,23883,13113,17054,73,3,36521,upgrade
2022-04-08,facebook,Expansion,Streaming,88634,15522,20183,404,6,98013,twitch
2022-04-08,facebook,Expansion,Top gear,1764,127,189,5,0,1394,top_gear
2022-04-08,facebook,Expansion,Unknown,31648,9254,3442,57,2,31429,twitch
2022-04-08,facebook,Hobbies,Outdoors,5831,71459,13266,734,1,4738,upgrades
2022-04-08,facebook,Hobbies,Slow,1510,59152,21833,137,8,1303,upgrades
2022-04-08,facebook,Hobbies,Tinkering,3442,50493,41715,357,1,4577,upgrades
2022-04-08,google,Expansion,Pretty,15588,2556,4231,67,3,19167,twitch
2022-04-08,google,Expansion,Products,13390,1838,8016,73,1,8931,upgrade
2022-04-08,google,Expansion,Streaming,31701,39346,32417,564,4,44487,twitch
2022-04-08,google,Expansion,Top gear,1413,288,195,6,0,1247,top_gear
2022-04-08,google,Hobbies,Outdoors,1600,57411,9401,510,4,2286,upgrades
2022-04-08,google,Hobbies,Slow,4933,21594,42361,84,7,7262,upgrades
2022-04-08,google,Hobbies,Tinkering,2440,51329,10735,225,1,3032,upgrades
2022-04-09,facebook,Expansion,Pretty,45945,10742,4241,197,0,46146,twitch
2022-04-09,facebook,Expansion,Products,41607,19846,20594,93,4,68711,upgrade
2022-04-09,facebook,Expansion,Streaming,88536,22888,20584,595,9,86071,twitch
2022-04-09,facebook,Expansion,Top gear,291,105,197,4,0,446,top_gear
2022-04-09,facebook,Expansion,Unknown,27170,19097,19923,78,2,42616,twitch
2022-04-09,facebook,Hobbies,Outdoors,3385,70620,37908,749,8,4771,upgrades
2022-04-09,facebook,Hobbies,Slow,3214,63101,16928,210,10,3005,upgrades
2022-04-09,facebook,Hobbies,Tinkering,1340,39497,47522,75,6,1284,upgrades
2022-04-09,google,Expansion,Pretty,36493,12197,3304,115,4,37103,twitch
2022-04-09,google,Expansion,Products,15777,12526,5708,46,1,19861,upgrade
2022-04-09,google,Expansion,Streaming,70807,10026,33232,315,1,78808,twitch
2022-04-09,google,Expansion,Top gear,351,138,191,5,0,472,top_gear
2022-04-09,google,Expansion,Unknown,36921,20431,20494,94,1,37916,twitch
2022-04-09,google,Hobbies,Outdoors,820,13458,59534,658,8,612,upgrades
2022-04-10,facebook,Expansion,Pretty,16641,10149,12462,360,5,15584,twitch
2022-04-10,facebook,Expansion,Streaming,86837,20269,8007,668,2,70019,twitch
2022-04-10,facebook,Expansion,Unknown,24089,20221,5385,115,4,32091,twitch
2022-04-10,facebook,Hobbies,Slow,5353,19103,11627,377,4,6668,upgrades
2022-04-10,facebook,Hobbies,Tinkering,6035,45626,16987,88,8,8638,upgrades
2022-04-10,google,Expansion,Pretty,19195,11249,7740,213,3,24921,twitch
2022-04-10,google,Expansion,Unknown,18272,16495,12885,183,1,27392,twitch
2022-04-10,google,Hobbies,Slow,2486,55116,34122,110,5,2469,upgrades
2022-04-10,google,Hobbies,Tinkering,1649,38973,41038,169,10,1174,upgrades
2022-04-11,facebook,Expansion,Products,22841,17451,4089,85,2,38171,upgrade
2022-04-11,facebook,Expansion,Streaming,97002,33542,23605,687,5,143672,twitch
2022-04-11,facebook,Expansion,Top gear,911,335,419,5,0,1242,top_gear
2022-04-11,facebook,Expansion,Unknown,7289,6229,5524,127,1,7453,twitch
2022-04-11,facebook,Hobbies,Outdoors,4350,84415,70979,472,6,6839,upgrades
2022-04-11,facebook,Hobbies,Slow,5627,29253,29966,311,1,4776,upgrades
2022-04-11,facebook,Hobbies,Tinkering,4049,54695,28602,530,8,6187,upgrades
2022-04-11,google,Expansion,Pretty,11048,2466,12289,76,2,17872,twitch
2022-04-11,google,Expansion,Products,14208,10907,8505,24,1,16732,upgrade
2022-04-11,google,Expansion,Streaming,95269,37735,6006,624,7,131815,twitch
2022-04-11,google,Expansion,Top gear,1000,105,102,5,0,718,top_gear
2022-04-11,google,Expansion,Unknown,13864,2365,7163,159,3,21976,twitch
2022-04-11,google,Hobbies,Outdoors,2026,69164,43576,601,3,1470,upgrades
2022-04-11,google,Hobbies,Slow,579,45185,25681,190,4,509,upgrades
2022-04-12,facebook,Expansion,Pretty,25154,4578,16804,298,0,31921,twitch
2022-04-12,facebook,Expansion,Products,34940,15532,18663,125,1,47854,upgrade
2022-04-12,facebook,Expansion,Streaming,68901,50107,46875,536,9,54765,twitch
2022-04-12,facebook,Expansion,Top gear,390,207,169,7,0,535,top_gear
2022-04-12,facebook,Expansion,Unknown,14506,4166,5018,111,0,22256,twitch
2022-04-12,facebook,Hobbies,Outdoors,3641,11052,51643,209,1,6179,upgrades
2022-04-12,facebook,Hobbies,Slow,3151,29486,41819,273,1,4478,upgrades
2022-04-12,facebook,Hobbies,Tinkering,3858,37860,49678,326,0,4352,upgrades
2022-04-12,google,Expansion,Pretty,26928,14086,12208,133,5,37037,twitch
2022-04-12,google,Expansion,Products,26543,12537,3072,35,2,32630,upgrade
2022-04-12,google,Expansion,Streaming,24049,43616,14631,443,1,27858,twitch
2022-04-12,google,Expansion,Top gear,1827,254,74,6,0,1990,top_gear
2022-04-12,google,Expansion,Unknown,8203,3610,5429,55,1,11934,twitch
2022-04-12,google,Hobbies,Outdoors,759,45553,13516,291,3,1112,upgrades
2022-04-12,google,Hobbies,Slow,2331,14840,29404,82,2,3102,upgrades
2022-04-12,google,Hobbies,Tinkering,1852,11435,38620,127,6,2607,upgrades
2022-04-13,facebook,Expansion,Pretty,20932,15791,9169,263,1,26914,twitch
2022-04-13,facebook,Expansion,Products,30524,12143,11206,33,2,36488,upgrade
2022-04-13,facebook,Expansion,Streaming,82077,23228,34651,369,4,92729,twitch
2022-04-13,facebook,Expansion,Top gear,360,64,95,4,0,318,top_gear
2022-04-13,facebook,Expansion,Unknown,28419,6113,4966,44,0,31081,twitch
2022-04-13,facebook,Hobbies,Outdoors,3328,55343,13734,377,10,2730,upgrades
2022-04-13,facebook,Hobbies,Slow,4594,12930,17831,241,4,5484,upgrades
2022-04-13,facebook,Hobbies,Tinkering,2223,14192,54167,355,4,3086,upgrades
2022-04-13,google,Expansion,Pretty,36159,4746,4555,166,4,51656,twitch
2022-04-13,google,Expansion,Streaming,74837,29077,7493,291,7,87139,twitch
2022-04-13,google,Expansion,Top gear,515,102,257,3,0,720,top_gear
2022-04-13,google,Hobbies,Outdoors,4545,13125,58712,512,2,5318,upgrades
2022-04-13,google,Hobbies,Slow,5196,28241,10118,52,2,3688,upgrades
2022-04-14,facebook,Expansion,Pretty,6696,13518,16069,294,3,5130,twitch
2022-04-14,facebook,Expansion,Products,12527,10191,16982,79,0,14432,upgrade
2022-04-14,facebook,Expansion,Streaming,88408,32031,5678,362,6,142466,twitch
2022-04-14,facebook,Expansion,Top gear,620,351,162,9,0,1030,top_gear
2022-04-14,facebook,Hobbies,Outdoors,4283,57030,15598,274,10,7472,upgrades
2022-04-14,facebook,Hobbies,Slow,1934,15592,41702,392,4,2799,upgrades
2022-04-14,facebook,Hobbies,Tinkering,3522,54407,22768,355,0,5501,upgrades
2022-04-14,google,Expansion,Pretty,29185,3297,11852,132,3,43265,twitch
2022-04-14,google,Expansion,Products,22383,5450,3813,85,2,34168,upgrade
2022-04-14,google,Expansion,Streaming,15640,9408,9076,146,3,10293,twitch
2022-04-14,google,Expansion,Unknown,13708,13311,9373,57,0,21354,twitch
2022-04-14,google,Hobbies,Slow,519,22305,29362,260,4,625,upgrades
2022-04-14,google,Hobbies,Tinkering,1174,12723,55929,101,2,1473,upgrades
2022-04-15,facebook,Expansion,Pretty,25035,24193,7392,90,0,30862,twitch
2022-04-15,facebook,Expansion,Products,22696,21813,17883,64,2,36230,upgrade
2022-04-15,facebook,Expansion,Streaming,81252,36045,7519,424,5,65485,twitch
2022-04-15,facebook,Expansion,Top gear,892,230,205,0,0,1249,top_gear
2022-04-15,facebook,Expansion,Unknown,28287,14442,15147,289,1,22372,twitch
2022-04-15,facebook,Hobbies,Outdoors,2566,15716,30020,197,6,3806,upgrades
2022-04-15,facebook,Hobbies,Slow,5399,49850,30402,312,7,7582,upgrades
2022-04-15,google,Expansion,Pretty,21599,18866,15914,390,3,34851,twitch
2022-04-15,google,Expansion,Products,21676,6430,8386,79,2,33919,upgrade
2022-04-15,google,Expansion,Streaming,44972,13986,10349,368,2,41747,twitch
2022-04-15,google,Expansion,Top gear,270,143,130,0,0,337,top_gear
2022-04-15,google,Expansion,Unknown,26993,14397,14718,81,0,37032,twitch
2022-04-15,google,Hobbies,Outdoors,4777,57022,15195,359,6,4609,upgrades
2022-04-15,google,Hobbies,Slow,2628,8711,15118,104,4,3414,upgrades
2022-04-16,facebook,Expansion,Pretty,20325,11516,23185,416,1,21612,twitch
2022-04-16,facebook,Expansion,Products,14638,14186,24226,120,3,24800,upgrade
2022-04-16,facebook,Expansion,Streaming,39866,30799,26278,233,0,62652,twitch
2022-04-16,facebook,Expansion,Top gear,466,167,223,4,0,426,top_gear
2022-04-16,facebook,Expansion,Unknown,43135,12997,11752,419,3,33622,twitch
2022-04-16,facebook,Hobbies,Outdoors,1251,60151,42306,484,5,1558,upgrades
2022-04-16,facebook,Hobbies,Slow,2340,37169,9176,285,5,3859,upgrades
2022-04-16,google,Expansion,Pretty,39576,17643,3644,127,0,41082,twitch
2022-04-16,google,Expansion,Products,19639,6689,4989,41,3,18970,upgrade
2022-04-16,google,Expansion,Streaming,24860,22758,34217,488,2,19319,twitch
2022-04-16,google,Expansion,Top gear,575,60,192,1,0,787,top_gear
2022-04-16,google,Expansion,Unknown,44195,19415,3764,206,1,70453,twitch
2022-04-16,google,Hobbies,Outdoors,958,17394,43795,337,3,1471,upgrades
2022-04-16,google,Hobbies,Slow,803,13347,30577,110,6,1124,upgrades
2022-04-16,google,Hobbies,Tinkering,1707,9593,31412,276,1,2636,upgrades
2022-04-17,facebook,Expansion,Pretty,42885,28484,9395,456,0,71577,twitch
2022-04-17,facebook,Expansion,Products,17220,13841,9816,101,4,27920,upgrade
2022-04-17,facebook,Expansion,Streaming,78320,17549,21715,238,2,110180,twitch
2022-04-17,facebook,Expansion,Top gear,1735,240,169,7,0,1982,top_gear
2022-04-17,facebook,Expansion,Unknown,43230,20361,6383,157,0,44601,twitch
2022-04-17,facebook,Hobbies,Outdoors,6569,33503,60727,542,7,10378,upgrades
2022-04-17,facebook,Hobbies,Slow,5400,19455,32728,122,2,8018,upgrades
2022-04-17,facebook,Hobbies,Tinkering,7210,62144,55892,303,2,7056,upgrades
2022-04-17,google,Expansion,Pretty,31617,16733,2384,122,5,50914,twitch
2022-04-17,google,Expansion,Products,25107,4784,20930,114,2,23060,upgrade
2022-04-17,google,Expansion,Streaming,60462,20768,7580,486,4,77888,twitch
2022-04-17,google,Expansion,Top gear,674,186,243,2,0,729,top_gear
2022-04-17,google,Expansion,Unknown,28342,6883,12952,154,0,39848,twitch
2022-04-17,google,Hobbies,Outdoors,3625,43502,15277,155,3,5945,upgrades
2022-04-17,google,Hobbies,Slow,4532,45574,30360,184,5,3941,upgrades
2022-04-17,google,Hobbies,Tinkering,1746,43041,34273,122,6,1333,upgrades
2022-04-18,facebook,Expansion,Pretty,15292,30770,23124,206,6,12205,twitch
2022-04-18,facebook,Expansion,Products,10408,24644,17600,102,6,16653,upgrade
2022-04-18,facebook,Expansion,Streaming,43833,10866,63093,691,4,39592,twitch
2022-04-18,facebook,Expansion,Top gear,738,110,371,4,0,606,top_gear
2022-04-18,facebook,Expansion,Unknown,14643,11989,11809,218,1,19196,twitch
2022-04-18,facebook,Hobbies,Outdoors,3984,26997,53257,233,6,6105,upgrades
2022-04-18,facebook,Hobbies,Slow,4705,17005,19716,171,5,4569,upgrades
2022-04-18,facebook,Hobbies,Tinkering,4196,11429,36223,88,7,6939,upgrades
2022-04-18,google,Expansion,Pretty,28579,11834,6081,342,8,27405,twitch
2022-04-18,google,Expansion,Products,12293,18892,18777,132,6,12334,upgrade
2022-04-18,google,Expansion,Streaming,60641,40073,52831,307,8,74619,twitch
2022-04-18,google,Expansion,Top gear,343,402,143,11,0,234,top_gear
2022-04-18,google,Expansion,Unknown,11971,7694,15723,207,4,15604,twitch
2022-04-18,google,Hobbies,Slow,4127,41519,14054,62,1,4314,upgrades
2022-04-19,facebook,Expansion,Products,27265,10066,36484,137,1,25038,upgrade
2022-04-19,facebook,Expansion,Streaming,67928,27303,39978,457,12,105390,twitch
2022-04-19,facebook,Expansion,Top gear,822,222,100,3,0,642,top_gear
2022-04-19,facebook,Hobbies,Outdoors,3508,19456,29412,106,3,3758,upgrades
2022-04-19,facebook,Hobbies,Slow,383,9222,6735,52,1,646,upgrades
2022-04-19,google,Expansion,Pretty,8473,6391,14330,427,2,10283,twitch
2022-04-19,google,Expansion,Streaming,83875,47675,55182,538,4,124927,twitch
2022-04-19,google,Expansion,Top gear,806,229,296,2,0,630,top_gear
2022-04-19,google,Expansion,Unknown,11488,2614,5478,129,0,17516,twitch
2022-04-19,google,Hobbies,Slow,486,8829,1784,25,1,563,upgrades
2022-04-19,google,Hobbies,Tinkering,2929,49885,46059,110,8,4190,upgrades
2022-04-20,facebook,Expansion,Pretty,38221,13002,4930,592,6,40930,twitch
2022-04-20,facebook,Expansion,Products,16323,5141,13995,201,4,22240,upgrade
2022-04-20,facebook,Expansion,Streaming,17144,32307,45821,302,3,18051,twitch
2022-04-20,facebook,Expansion,Unknown,23919,26337,12409,79,2,34005,twitch
2022-04-20,facebook,Hobbies,Outdoors,9151,14660,68427,465,11,10310,upgrades
2022-04-20,facebook,Hobbies,Slow,5873,49091,21664,123,3,7665,upgrades
2022-04-20,facebook,Hobbies,Tinkering,7158,42469,26193,219,6,8702,upgrades
2022-04-20,google,Expansion,Products,5609,10953,12233,84,5,8818,upgrade
2022-04-20,google,Expansion,Streaming,21837,28640,8818,198,4,19775,twitch
2022-04-20,google,Expansion,Top gear,646,257,268,6,0,682,top_gear
2022-04-20,google,Hobbies,Outdoors,7606,47890,57129,85,12,10240,upgrades
2022-04-20,google,Hobbies,Slow,4764,4867,11778,268,6,7183,upgrades
2022-04-21,facebook,Expansion,Pretty,6710,8486,21357,205,1,5264,twitch
2022-04-21,facebook,Expansion,Products,31386,9112,31699,74,0,28488,upgrade
2022-04-21,facebook,Expansion,Streaming,33588,15828,9011,211,4,28209,twitch
2022-04-21,facebook,Expansion,Top gear,611,217,309,2,0,834,top_gear
2022-04-21,facebook,Expansion,Unknown,38813,22229,13225,442,4,61879,twitch
2022-04-21,facebook,Hobbies,Outdoors,8210,76237,15699,595,2,14061,upgrades
2022-04-21,facebook,Hobbies,Slow,4698,19074,20775,264,0,8018,upgrades
2022-04-21,facebook,Hobbies,Tinkering,9926,89263,26786,209,1,8027,upgrades
2022-04-21,google,Expansion,Pretty,15513,5284,4846,159,3,11919,twitch
2022-04-21,google,Expansion,Products,7327,3435,4430,97,5,8642,upgrade
2022-04-21,google,Expansion,Streaming,9967,24576,19009,204,4,9244,twitch
2022-04-21,google,Expansion,Unknown,18687,9426,16708,451,3,23446,twitch
2022-04-21,google,Hobbies,Outdoors,6850,45645,29656,60,6,9931,upgrades
2022-04-21,google,Hobbies,Tinkering,8199,49208,26860,489,8,11624,upgrades
2022-04-22,facebook,Expansion,Pretty,17462,8342,6194,309,2,15425,twitch
2022-04-22,facebook,Expansion,Products,8321,19254,17059,120,4,9073,upgrade
2022-04-22,facebook,Expansion,Top gear,121,225,128,6,0,132,top_gear
2022-04-22,facebook,Expansion,Unknown,18751,36816,12653,165,0,15889,twitch
2022-04-22,facebook,Hobbies,Slow,2888,53096,41882,212,6,4023,upgrades
2022-04-22,facebook,Hobbies,Tinkering,10720,74605,91793,162,3,11494,upgrades
2022-04-22,google,Expansion,Pretty,26089,5955,8512,183,2,40277,twitch
2022-04-22,google,Expansion,Products,28529,14903,7089,30,2,38152,upgrade
2022-04-22,google,Expansion,Streaming,10242,17597,12125,190,6,12719,twitch
2022-04-22,google,Expansion,Top gear,233,114,67,5,0,234,top_gear
2022-04-22,google,Expansion,Unknown,16735,29365,22170,321,4,15118,twitch
2022-04-22,google,Hobbies,Tinkering,7254,70275,21841,443,11,11187,upgrades
2022-04-23,facebook,Expansion,Pretty,0,0,0,0,0,0,twitch
2022-04-23,facebook,Expansion,Products,31130,17140,13425,55,5,34943,upgrade
2022-04-23,facebook,Expansion,Unknown,0,0,0,0,0,0,twitch
2022-04-23,facebook,Hobbies,Outdoors,7133,59726,49206,348,2,5965,upgrades
2022-04-23,facebook,Hobbies,Slow,4125,35337,18658,342,1,6926,upgrades
2022-04-23,google,Expansion,Pretty,0,0,0,0,0,0,twitch
2022-04-23,google,Expansion,Products,39832,26721,10810,69,3,44726,upgrade
2022-04-23,google,Expansion,Unknown,0,0,0,0,0,0,twitch
2022-04-23,google,Hobbies,Outdoors,8706,40373,54269,337,9,7686,upgrades
2022-04-23,google,Hobbies,Slow,3807,33399,27171,186,3,4691,upgrades
2022-04-23,google,Hobbies,Tinkering,4124,26483,11761,229,7,5186,upgrades
2022-04-24,facebook,Expansion,Pretty,0,0,0,0,0,0,twitch
2022-04-24,facebook,Expansion,Products,27281,17796,8214,163,0,28136,upgrade
2022-04-24,facebook,Expansion,Streaming,0,0,0,0,0,0,twitch
2022-04-24,facebook,Expansion,Unknown,0,0,0,0,0,0,twitch
2022-04-24,facebook,Hobbies,Outdoors,4648,69298,71079,565,13,3911,upgrades
2022-04-24,facebook,Hobbies,Slow,8601,42295,41307,79,6,9969,upgrades
2022-04-24,facebook,Hobbies,Tinkering,2359,49973,31392,178,0,3800,upgrades
2022-04-24,google,Expansion,Pretty,0,0,0,0,0,0,twitch
2022-04-24,google,Expansion,Products,46950,20815,25147,68,2,37564,upgrade
2022-04-24,google,Expansion,Streaming,0,0,0,0,0,0,twitch
2022-04-24,google,Expansion,Unknown,0,0,0,0,0,0,twitch
2022-04-24,google,Hobbies,Outdoors,4353,92622,106848,300,14,5212,upgrades
2022-04-24,google,Hobbies,Slow,4046,65501,36033,222,2,3548,upgrades
2022-04-24,google,Hobbies,Tinkering,9840,81385,79958,526,0,10515,upgrades
2022-04-25,facebook,Expansion,Products,10182,38725,26833,96,5,14645,upgrade
2022-04-25,facebook,Hobbies,Slow,6651,66265,47406,90,1,7671,upgrades
2022-04-25,facebook,Hobbies,Tinkering,4416,52775,57322,464,5,3887,upgrades
2022-04-25,google,Expansion,Products,25487,13776,5778,50,2,34856,upgrade
2022-04-25,google,Hobbies,Outdoors,10746,56874,12193,457,3,13427,upgrades
2022-04-25,google,Hobbies,Slow,6129,56831,6621,308,3,7618,upgrades
2022-04-25,google,Hobbies,Tinkering,7352,48016,75218,68,0,7040,upgrades
2022-04-26,facebook,Expansion,Products,28446,16877,17099,86,4,27067,upgrade
2022-04-26,facebook,Expansion,Streaming,0,0,0,0,0,0,twitch
2022-04-26,facebook,Hobbies,Outdoors,6504,59994,83494,557,4,7789,upgrades
2022-04-26,facebook,Hobbies,Slow,2256,53808,52659,69,1,3804,upgrades
2022-04-26,facebook,Hobbies,Tinkering,9317,57467,99046,355,1,8047,upgrades
2022-04-26,google,Expansion,Products,38077,19526,12108,134,0,35493,upgrade
2022-04-26,google,Expansion,Streaming,0,0,0,0,0,0,twitch
2022-04-26,google,Hobbies,Slow,7368,43257,17732,79,7,7158,upgrades
2022-04-26,google,Hobbies,Tinkering,2240,29486,64243,87,11,2313,upgrades
2022-04-27,facebook,Expansion,Products,28298,5700,12230,129,3,37730,upgrade
2022-04-27,facebook,Hobbies,Outdoors,9906,55917,85162,166,6,12914,upgrades
2022-04-27,facebook,Hobbies,Slow,2055,35979,42644,170,0,1995,upgrades
2022-04-27,facebook,Hobbies,Tinkering,10122,56941,82514,106,1,9654,upgrades
2022-04-27,google,Expansion,Products,4549,13840,6348,72,4,7068,upgrade
2022-04-27,google,Hobbies,Outdoors,8794,69268,48813,445,1,10476,upgrades
2022-04-27,google,Hobbies,Slow,3806,9840,10196,200,3,3715,upgrades
2022-04-27,google,Hobbies,Tinkering,8248,41972,68912,319,5,11800,upgrades
2022-04-28,facebook,Expansion,Products,43248,15670,7014,98,1,45401,upgrade
2022-04-28,facebook,Hobbies,Outdoors,7761,109320,90043,91,10,10986,upgrades
2022-04-28,facebook,Hobbies,Slow,4755,65625,23726,275,4,7714,upgrades
2022-04-28,facebook,Hobbies,Tinkering,3235,94672,61389,316,2,2854,upgrades
2022-04-28,google,Hobbies,Outdoors,6653,71600,32973,179,7,10117,upgrades
2022-04-28,google,Hobbies,Slow,3804,10796,40161,73,6,6180,upgrades
2022-04-29,facebook,Hobbies,Outdoors,2899,32246,19042,218,7,3500,upgrades
2022-04-29,facebook,Hobbies,Slow,3475,25152,9139,205,3,2748,upgrades
2022-04-29,google,Expansion,Products,34204,14399,12417,125,4,41551,upgrade
2022-04-29,google,Hobbies,Outdoors,4064,24941,39504,112,6,5652,upgrades
2022-04-29,google,Hobbies,Tinkering,1381,45189,68598,190,4,1213,upgrades
2022-04-30,facebook,Expansion,Products,49948,36688,30637,24,1,70789,upgrade
2022-04-30,facebook,Hobbies,Slow,8330,15435,20624,203,2,8494,upgrades
2022-04-30,facebook,Hobbies,Tinkering,12116,72530,69334,437,3,9446,upgrades
2022-04-30,google,Expansion,Products,30390,17851,22171,30,2,38455,upgrade
2022-04-30,google,Hobbies,Slow,1542,15354,34872,104,3,1233,upgrades
2022-04-30,google,Hobbies,Tinkering,3700,21595,52946,149,7,3014,upgrades
2022-05-01,facebook,Expansion,Products,32461,22457,22404,104,2,36235,upgrade
2022-05-01,facebook,Hobbies,Slow,5153,75903,42577,273,3,4705,upgrades
2022-05-01,facebook,Hobbies,Tinkering,4473,42748,27935,189,4,3976,upgrades
2022-05-01,google,Expansion,Products,33002,24774,7938,66,7,26870,upgrade
2022-05-01,google,Hobbies,Outdoors,11739,41473,71409,99,0,13998,upgrades
2022-05-01,google,Hobbies,Slow,902,49887,19360,243,1,825,upgrades
2022-05-01,google,Hobbies,Tinkering,10839,34850,41900,415,10,14706,upgrades
2022-05-02,facebook,Expansion,Products,16973,19490,20345,66,4,18516,upgrade
2022-05-02,facebook,Hobbies,Outdoors,10839,18844,117258,391,1,16788,upgrades
2022-05-02,facebook,Hobbies,Slow,7179,33173,22129,68,2,8294,upgrades
2022-05-02,facebook,Hobbies,Tinkering,8233,16208,37798,171,9,6939,upgrades
2022-05-02,google,Expansion,Products,38234,13800,11345,30,2,40421,upgrade
2022-05-02,google,Hobbies,Outdoors,7108,64848,32034,204,9,5621,upgrades
2022-05-02,google,Hobbies,Slow,783,24119,48236,163,1,846,upgrades
2022-05-03,facebook,Expansion,Products,20346,52071,42307,44,5,17864,upgrade
2022-05-03,facebook,Hobbies,Outdoors,4157,47216,85331,357,8,6382,upgrades
2022-05-03,facebook,Hobbies,Slow,6121,13713,11388,221,6,5692,upgrades
2022-05-03,facebook,Hobbies,Tinkering,6084,95026,60421,356,5,7428,upgrades
2022-05-03,google,Expansion,Products,17853,7223,28629,54,3,28456,upgrade
2022-05-03,google,Hobbies,Outdoors,1883,24896,95031,63,5,1541,upgrades
2022-05-03,google,Hobbies,Slow,7250,31691,10725,38,3,8166,upgrades
2022-05-03,google,Hobbies,Tinkering,9834,28674,24150,298,12,13950,upgrades
2022-05-04,facebook,Expansion,Products,12013,37961,25894,86,4,15729,upgrade
2022-05-04,facebook,Hobbies,Outdoors,12501,58087,70554,255,8,10253,upgrades
2022-05-04,facebook,Hobbies,Slow,605,5775,12146,40,1,736,upgrades
2022-05-04,google,Expansion,Products,7923,13536,5779,73,6,12637,upgrade
2022-05-04,google,Hobbies,Outdoors,1780,30459,13161,155,6,1382,upgrades
2022-05-04,google,Hobbies,Slow,1468,9789,8307,19,0,2001,upgrades
2022-05-04,google,Hobbies,Tinkering,6632,16646,43934,231,6,4458,upgrades
2022-05-05,facebook,Expansion,Products,29115,8777,35530,58,0,42152,upgrade
2022-05-05,facebook,Hobbies,Outdoors,10441,49500,45292,274,4,13675,upgrades
2022-05-05,google,Expansion,Products,12998,7859,5692,92,4,12074,upgrade
2022-05-05,google,Hobbies,Outdoors,11166,44968,55129,198,9,7902,upgrades
2022-05-05,google,Hobbies,Tinkering,9836,38585,22502,131,3,12765,upgrades
2022-05-06,facebook,Expansion,Products,34202,22643,19492,84,2,59674,upgrade
2022-05-06,facebook,Hobbies,Outdoors,11597,61046,36022,370,2,11741,upgrades
2022-05-06,facebook,Hobbies,Tinkering,6833,46663,52916,424,5,6647,upgrades
2022-05-06,google,Expansion,Products,25086,12126,28983,112,2,17317,upgrade
2022-05-06,google,Hobbies,Outdoors,1371,22456,20170,214,13,1559,upgrades
2022-05-06,google,Hobbies,Tinkering,6823,37513,35455,407,4,7188,upgrades
2022-05-07,facebook,Expansion,Products,37644,35865,14455,108,6,36720,upgrade
2022-05-07,facebook,Hobbies,Outdoors,3718,91638,62080,349,4,5414,upgrades
2022-05-07,facebook,Hobbies,Tinkering,8854,82134,50483,358,2,6656,upgrades
2022-05-07,google,Expansion,Products,5440,13609,9484,131,5,6325,upgrade
2022-05-07,google,Hobbies,Tinkering,7608,21675,20184,167,9,8428,upgrades
2022-05-08,facebook,Expansion,Products,19870,16562,32486,134,1,21645,upgrade
2022-05-08,facebook,Hobbies,Outdoors,4647,75281,40793,143,12,6680,upgrades
2022-05-08,facebook,Hobbies,Tinkering,3672,36950,87602,420,10,4890,upgrades
2022-05-08,google,Expansion,Products,9821,19115,19080,157,5,6994,upgrade
2022-05-08,google,Hobbies,Outdoors,11451,14370,98650,385,7,10516,upgrades
2022-05-08,google,Hobbies,Tinkering,11308,103882,19300,232,6,7566,upgrades
2022-05-09,facebook,Expansion,Products,26845,13029,10801,61,2,37300,upgrade
2022-05-09,facebook,Hobbies,Outdoors,4972,49162,16764,62,2,4786,upgrades
2022-05-09,facebook,Hobbies,Slow,823,22314,17137,111,2,654,upgrades
2022-05-09,facebook,Hobbies,Tinkering,3461,36627,46484,263,3,4624,upgrades
2022-05-09,google,Hobbies,Outdoors,839,6630,43482,30,6,742,upgrades
2022-05-09,google,Hobbies,Slow,2520,25217,21162,21,1,1779,upgrades
2022-05-09,google,Hobbies,Tinkering,2773,21083,20019,155,5,3510,upgrades
2022-05-10,facebook,Expansion,Products,28273,23359,32882,128,2,42905,upgrade
2022-05-10,facebook,Expansion,Streaming,101760,10746,33742,184,3,139689,twitch
2022-05-10,facebook,Hobbies,Outdoors,5096,46512,30411,39,3,6069,upgrades
2022-05-10,facebook,Hobbies,Slow,4576,13614,32847,50,1,4695,upgrades
2022-05-10,facebook,Hobbies,Tinkering,1816,12009,28260,45,5,3122,upgrades
2022-05-10,google,Expansion,Streaming,49911,11549,36202,695,12,58796,twitch
2022-05-10,google,Hobbies,Tinkering,3550,21428,18819,21,5,3310,upgrades
2022-05-11,facebook,Expansion,Products,49422,12109,25491,140,4,39085,upgrade
2022-05-11,facebook,Expansion,Streaming,7435,15174,4921,144,1,8032,twitch
2022-05-11,facebook,Hobbies,Outdoors,3052,33917,24526,64,4,5027,upgrades
2022-05-11,facebook,Hobbies,Slow,4574,23153,8701,128,2,7056,upgrades
2022-05-11,facebook,Hobbies,Tinkering,3787,38749,14094,119,3,6378,upgrades
2022-05-11,google,Expansion,Products,4700,11098,6079,38,3,3115,upgrade
2022-05-11,google,Expansion,Streaming,14086,9061,7423,68,1,18370,twitch
2022-05-11,google,Hobbies,Outdoors,1175,37296,17783,73,5,918,upgrades
2022-05-11,google,Hobbies,Tinkering,4123,32763,28697,104,1,5306,upgrades
2022-05-12,facebook,Expansion,Products,50967,6672,28035,111,3,59143,upgrade
2022-05-12,facebook,Hobbies,Outdoors,1362,14347,44381,180,6,2312,upgrades
2022-05-12,facebook,Hobbies,Slow,758,11512,6236,38,2,1164,upgrades
2022-05-12,facebook,Hobbies,Tinkering,6597,41375,10213,92,1,8978,upgrades
2022-05-12,google,Expansion,Products,10375,25625,16120,73,1,12089,upgrade
2022-05-12,google,Expansion,Streaming,0,0,0,0,0,0,twitch
2022-05-12,google,Hobbies,Outdoors,3235,33530,23732,276,3,3225,upgrades
2022-05-12,google,Hobbies,Slow,2674,19162,22683,135,0,3791,upgrades
2022-05-12,google,Hobbies,Tinkering,4699,29614,26818,207,3,5475,upgrades
2022-05-13,facebook,Expansion,Products,34632,10100,8863,100,1,43045,upgrade
2022-05-13,facebook,Expansion,Streaming,0,0,0,0,0,0,twitch
2022-05-13,facebook,Hobbies,Outdoors,3638,20278,38178,211,1,3545,upgrades
2022-05-13,facebook,Hobbies,Slow,4545,24771,26753,92,1,4912,upgrades
2022-05-13,google,Expansion,Products,5897,18517,23331,56,3,5734,upgrade
2022-05-13,google,Hobbies,Outdoors,2096,36750,43573,143,3,2206,upgrades
2022-05-13,google,Hobbies,Tinkering,3949,5244,27117,77,3,3708,upgrades
2022-05-14,facebook,Expansion,Products,32407,8895,32657,23,1,47399,upgrade
2022-05-14,facebook,Hobbies,Outdoors,3895,34392,21181,240,5,6810,upgrades
2022-05-14,facebook,Hobbies,Slow,4297,9751,14346,58,3,4384,upgrades
2022-05-14,facebook,Hobbies,Tinkering,3601,12302,15010,201,2,5150,upgrades
2022-05-14,google,Expansion,Products,29241,20195,22916,105,5,34054,upgrade
2022-05-14,google,Hobbies,Outdoors,1438,14038,41485,96,1,2285,upgrades
2022-05-14,google,Hobbies,Slow,1118,25547,22868,45,0,828,upgrades
2022-05-14,google,Hobbies,Tinkering,913,32866,3875,190,3,1405,upgrades
2022-05-15,facebook,Expansion,Products,23733,23706,7844,102,0,41256,upgrade
2022-05-15,facebook,Hobbies,Outdoors,2968,41503,41396,187,1,4709,upgrades
2022-05-15,facebook,Hobbies,Slow,1335,15253,20725,74,4,1970,upgrades
2022-05-15,facebook,Hobbies,Tinkering,2701,38127,39651,78,3,3560,upgrades
2022-05-15,google,Expansion,Products,29810,37847,4775,31,4,36678,upgrade
2022-05-15,google,Hobbies,Outdoors,1871,33539,24236,279,6,2549,upgrades
2022-05-15,google,Hobbies,Slow,4297,19761,24589,33,0,7072,upgrades
2022-05-15,google,Hobbies,Tinkering,2263,50287,46130,231,7,2627,upgrades
2022-05-16,facebook,Hobbies,Outdoors,5715,10878,10324,334,4,8042,upgrades
2022-05-16,facebook,Hobbies,Slow,1454,15513,22721,45,2,2238,upgrades
2022-05-16,facebook,Hobbies,Tinkering,7528,43416,36417,133,5,10913,upgrades
2022-05-16,google,Hobbies,Outdoors,5316,39017,15108,92,4,3909,upgrades
2022-05-16,google,Hobbies,Slow,4054,19082,14788,51,0,6540,upgrades
2022-05-16,google,Hobbies,Tinkering,1815,33144,23941,164,6,2363,upgrades
2022-05-17,facebook,Expansion,Products,31886,33077,10733,114,1,48545,upgrade
2022-05-17,facebook,Hobbies,Outdoors,7870,45401,56862,303,3,11722,upgrades
2022-05-17,facebook,Hobbies,Slow,4190,35087,29827,110,3,4758,upgrades
2022-05-17,facebook,Hobbies,Tinkering,5437,34663,7787,106,3,6602,upgrades
2022-05-17,google,Expansion,Products,7731,21574,21480,69,0,11331,upgrade
2022-05-17,google,Hobbies,Slow,5408,8209,34808,136,5,5590,upgrades
2022-05-17,google,Hobbies,Tinkering,1692,20944,23345,203,1,1372,upgrades
2022-05-18,facebook,Expansion,Products,54596,31019,26860,189,3,61141,upgrade
2022-05-18,facebook,Hobbies,Outdoors,5344,54132,26808,261,5,4940,upgrades
2022-05-18,facebook,Hobbies,Slow,5656,47666,25497,247,5,4788,upgrades
2022-05-18,facebook,Hobbies,Tinkering,6302,16375,18946,169,6,6932,upgrades
2022-05-18,google,Expansion,Products,6763,25060,29230,112,1,10005,upgrade
2022-05-18,google,Hobbies,Outdoors,2014,21300,50144,289,6,1472,upgrades
2022-05-18,google,Hobbies,Slow,3013,4464,12471,181,3,3261,upgrades
2022-05-18,google,Hobbies,Tinkering,7110,16112,33539,184,0,8828,upgrades
2022-05-19,facebook,Expansion,Products,42731,36710,38605,152,1,59203,upgrade
2022-05-19,facebook,Hobbies,Outdoors,6942,52043,51981,247,4,6963,upgrades
2022-05-19,facebook,Hobbies,Slow,1294,14213,16497,182,1,1931,upgrades
2022-05-19,facebook,Hobbies,Tinkering,2899,31482,7872,222,2,3808,upgrades
2022-05-19,google,Expansion,Products,10384,31097,25700,15,4,7814,upgrade
2022-05-19,google,Hobbies,Outdoors,3868,24455,5158,142,3,2562,upgrades
2022-05-19,google,Hobbies,Slow,4337,22483,13476,172,3,7109,upgrades
2022-05-20,facebook,Expansion,Products,47242,34386,21693,149,2,49067,upgrade
2022-05-20,facebook,Hobbies,Abstract,721,12804,9998,59,1,847,upgrades
2022-05-20,facebook,Hobbies,Outdoors,2982,31654,22523,209,0,2523,upgrades
2022-05-20,facebook,Hobbies,Quick,743,3871,15708,32,1,937,upgrades
2022-05-20,facebook,Hobbies,Slow,2499,17429,13047,69,5,2479,upgrades
2022-05-20,facebook,Hobbies,Specific,465,9796,15821,31,2,452,upgrades
2022-05-20,facebook,Hobbies,Tinkering,4758,48874,19290,155,5,6127,upgrades
2022-05-20,google,Expansion,Products,39879,15716,6965,15,3,51664,upgrade
2022-05-20,google,Hobbies,Abstract,259,6176,7197,94,2,362,upgrades
2022-05-20,google,Hobbies,Outdoors,3333,28367,29696,199,2,4578,upgrades
2022-05-20,google,Hobbies,Quick,2039,3018,13976,34,1,2167,upgrades
2022-05-20,google,Hobbies,Slow,2562,9738,9641,143,5,2696,upgrades
2022-05-20,google,Hobbies,Specific,2199,14771,11053,16,1,2137,upgrades
2022-05-20,google,Hobbies,Tinkering,3285,38928,13519,136,2,3510,upgrades
2022-05-21,facebook,Expansion,Products,14630,26675,27620,111,0,22043,upgrade
2022-05-21,facebook,Hobbies,Abstract,2703,8760,5134,76,0,4138,upgrades
2022-05-21,facebook,Hobbies,Outdoors,3101,22652,27452,65,1,3067,upgrades
2022-05-21,facebook,Hobbies,Quick,2940,15417,20320,34,1,4904,upgrades
2022-05-21,facebook,Hobbies,Slow,2273,47808,22624,188,0,2372,upgrades
2022-05-21,facebook,Hobbies,Specific,3533,11259,18807,42,0,5545,upgrades
2022-05-21,facebook,Hobbies,Tinkering,4921,49167,10609,106,2,8158,upgrades
2022-05-21,google,Expansion,Products,45723,13518,12719,27,0,31972,upgrade
2022-05-21,google,Hobbies,Abstract,3274,20646,2410,32,0,3048,upgrades
2022-05-21,google,Hobbies,Outdoors,5672,10471,16007,61,4,6698,upgrades
2022-05-21,google,Hobbies,Quick,1775,18240,18530,10,2,2131,upgrades
2022-05-21,google,Hobbies,Slow,4812,5033,8550,46,4,6643,upgrades
2022-05-21,google,Hobbies,Specific,1208,16809,18434,25,1,1078,upgrades
2022-05-21,google,Hobbies,Tinkering,3521,15209,16010,152,3,3459,upgrades
2022-05-22,facebook,Expansion,Products,16330,11943,34583,138,2,28426,upgrade
2022-05-22,facebook,Hobbies,Abstract,2192,15759,4199,130,0,3192,upgrades
2022-05-22,facebook,Hobbies,Outdoors,3831,21112,41489,304,3,5528,upgrades
2022-05-22,facebook,Hobbies,Quick,1402,21844,17623,72,2,1100,upgrades
2022-05-22,facebook,Hobbies,Slow,3031,12156,45887,30,3,3793,upgrades
2022-05-22,facebook,Hobbies,Specific,4025,8937,17471,23,1,4316,upgrades
2022-05-22,google,Expansion,Products,15728,20331,14429,52,3,23274,upgrade
2022-05-22,google,Hobbies,Abstract,1657,10875,9120,68,2,1244,upgrades
2022-05-22,google,Hobbies,Quick,3619,3069,18333,69,2,2619,upgrades
2022-05-22,google,Hobbies,Specific,3403,9468,16856,25,2,2562,upgrades
2022-05-23,facebook,Expansion,Products,30307,16480,24419,58,2,33791,upgrade
2022-05-23,facebook,Hobbies,Outdoors,3057,14846,32156,220,3,3864,upgrades
2022-05-23,facebook,Hobbies,Quick,1462,15184,15819,39,2,2313,upgrades
2022-05-23,facebook,Hobbies,Slow,3053,23005,9219,151,0,4789,upgrades
2022-05-23,facebook,Hobbies,Specific,2703,4789,17525,81,1,2595,upgrades
2022-05-23,facebook,Hobbies,Tinkering,2051,37278,41845,109,2,2238,upgrades
2022-05-23,google,Hobbies,Outdoors,6476,40041,10120,87,2,8528,upgrades
2022-05-23,google,Hobbies,Slow,3309,25692,30896,136,2,2619,upgrades
2022-05-23,google,Hobbies,Specific,1245,13333,13703,8,1,1535,upgrades
2022-05-23,google,Hobbies,Tinkering,7177,31385,21966,49,0,10039,upgrades
2022-05-24,facebook,Expansion,Products,16475,33289,24832,100,5,13647,upgrade
2022-05-24,facebook,Hobbies,Outdoors,2323,57425,38722,308,6,3295,upgrades
2022-05-24,facebook,Hobbies,Quick,2822,22756,7689,54,0,4659,upgrades
2022-05-24,facebook,Hobbies,Slow,7514,23284,9845,175,2,6387,upgrades
2022-05-24,facebook,Hobbies,Specific,4059,21956,19825,19,1,4277,upgrades
2022-05-24,facebook,Hobbies,Tinkering,3704,13214,10486,65,0,5152,upgrades
2022-05-24,google,Expansion,Products,24875,15208,15259,22,3,33827,upgrade
2022-05-24,google,Hobbies,Abstract,2662,5092,16429,71,1,3939,upgrades
2022-05-24,google,Hobbies,Quick,3511,19919,6705,32,2,3343,upgrades
2022-05-24,google,Hobbies,Slow,1549,9242,15241,116,1,2103,upgrades
2022-05-24,google,Hobbies,Specific,448,15693,9097,7,1,434,upgrades
2022-05-24,google,Hobbies,Tinkering,5934,8549,22632,52,0,5962,upgrades
2022-05-25,facebook,Expansion,Products,36951,12865,40517,90,4,45641,upgrade
2022-05-25,facebook,Hobbies,Abstract,3110,18749,6990,67,1,3706,upgrades
2022-05-25,facebook,Hobbies,Outdoors,2758,44935,48930,321,1,3075,upgrades
2022-05-25,facebook,Hobbies,Quick,4201,20708,14666,32,0,3969,upgrades
2022-05-25,facebook,Hobbies,Slow,6254,32530,24586,30,0,9493,upgrades
2022-05-25,facebook,Hobbies,Specific,3609,3222,8734,37,0,4429,upgrades
2022-05-25,google,Expansion,Products,10993,36779,31591,67,2,11986,upgrade
2022-05-25,google,Hobbies,Abstract,1710,12751,7163,48,0,1449,upgrades
2022-05-25,google,Hobbies,Outdoors,3931,24764,42497,144,3,4634,upgrades
2022-05-25,google,Hobbies,Quick,1131,4733,9379,72,2,1213,upgrades
2022-05-25,google,Hobbies,Slow,6664,10355,22486,101,1,4610,upgrades
2022-05-25,google,Hobbies,Specific,3609,17550,15317,48,1,4664,upgrades
2022-05-25,google,Hobbies,Tinkering,3043,10349,14686,50,2,4766,upgrades
2022-05-26,facebook,Hobbies,Abstract,2096,13994,8923,55,0,1772,upgrades
2022-05-26,facebook,Hobbies,Outdoors,4457,22675,14149,313,2,7293,upgrades
2022-05-26,facebook,Hobbies,Quick,1486,18218,13572,66,2,1777,upgrades
2022-05-26,facebook,Hobbies,Slow,3499,10699,30688,92,3,3871,upgrades
2022-05-26,facebook,Hobbies,Specific,1822,14045,22215,77,3,2788,upgrades
2022-05-26,facebook,Hobbies,Tinkering,4999,22731,29565,92,2,6370,upgrades
2022-05-26,google,Expansion,Products,9695,19587,13386,28,0,15014,upgrade
2022-05-26,google,Hobbies,Abstract,983,12683,17863,26,1,1544,upgrades
2022-05-26,google,Hobbies,Outdoors,3616,52513,35366,238,1,3224,upgrades
2022-05-26,google,Hobbies,Quick,1712,14188,1861,59,2,1707,upgrades
2022-05-26,google,Hobbies,Slow,5497,13106,10439,45,3,3912,upgrades
2022-05-26,google,Hobbies,Tinkering,6147,19678,17279,96,0,9810,upgrades
2022-05-27,facebook,Expansion,Products,35670,14277,15671,106,3,52882,upgrade
2022-05-27,facebook,Hobbies,Abstract,707,14257,11679,15,2,921,upgrades
2022-05-27,facebook,Hobbies,Outdoors,5585,16665,16839,281,4,9648,upgrades
2022-05-27,facebook,Hobbies,Quick,3208,4389,11140,59,1,4295,upgrades
2022-05-27,facebook,Hobbies,Slow,1570,6644,10505,79,3,1315,upgrades
2022-05-27,facebook,Hobbies,Specific,3014,16061,7551,62,1,4669,upgrades
2022-05-27,facebook,Hobbies,Tinkering,1969,28337,28783,48,5,3322,upgrades
2022-05-27,google,Expansion,Products,38740,30530,4397,60,3,45715,upgrade
2022-05-27,google,Hobbies,Abstract,2782,10079,9047,30,1,2022,upgrades
2022-05-27,google,Hobbies,Outdoors,5411,41429,27337,63,2,8492,upgrades
2022-05-27,google,Hobbies,Quick,1370,13385,6725,9,2,2028,upgrades
2022-05-27,google,Hobbies,Slow,3806,28260,3895,34,1,4763,upgrades
2022-05-27,google,Hobbies,Specific,1055,8739,8599,45,0,741,upgrades
2022-05-27,google,Hobbies,Tinkering,3437,14521,14271,100,2,2957,upgrades
2022-05-28,facebook,Expansion,Products,22726,15990,10025,107,4,22643,upgrade
2022-05-28,facebook,Hobbies,Abstract,2666,12644,20815,44,2,4494,upgrades
2022-05-28,facebook,Hobbies,Outdoors,2309,43912,28551,52,3,2725,upgrades
2022-05-28,facebook,Hobbies,Slow,4651,17464,22006,145,0,5435,upgrades
2022-05-28,facebook,Hobbies,Specific,4115,6452,13323,46,2,3369,upgrades
2022-05-28,facebook,Hobbies,Tinkering,7005,34109,31396,106,1,6704,upgrades
2022-05-28,google,Expansion,Products,42523,5390,25806,121,1,69659,upgrade
2022-05-28,google,Hobbies,Outdoors,3026,40233,35819,237,3,2145,upgrades
2022-05-28,google,Hobbies,Slow,4106,19368,7033,138,2,4673,upgrades
2022-05-28,google,Hobbies,Specific,2847,6346,2591,35,2,3768,upgrades
2022-05-29,facebook,Expansion,Products,49416,23002,11024,40,1,46402,upgrade
2022-05-29,facebook,Hobbies,Abstract,3329,27047,21637,40,2,3579,upgrades
2022-05-29,facebook,Hobbies,Outdoors,7560,63497,20030,140,6,12968,upgrades
2022-05-29,facebook,Hobbies,Quick,3271,12777,4580,69,1,2954,upgrades
2022-05-29,facebook,Hobbies,Slow,6980,22657,25116,69,3,11555,upgrades
2022-05-29,facebook,Hobbies,Specific,3011,27160,27264,113,3,3663,upgrades
2022-05-29,google,Hobbies,Abstract,2059,17051,17791,35,1,1582,upgrades
2022-05-29,google,Hobbies,Quick,1069,12828,10706,53,1,1722,upgrades
2022-05-29,google,Hobbies,Tinkering,7945,35002,10468,55,1,9522,upgrades
2022-05-30,facebook,Expansion,Products,47899,30011,23167,111,5,63186,upgrade
2022-05-30,facebook,Hobbies,Abstract,2672,3326,11105,18,1,2309,upgrades
2022-05-30,facebook,Hobbies,Outdoors,3010,27718,10570,152,2,2494,upgrades
2022-05-30,facebook,Hobbies,Quick,2928,7619,12215,61,1,4840,upgrades
2022-05-30,facebook,Hobbies,Slow,4122,12023,9747,16,1,4428,upgrades
2022-05-30,facebook,Hobbies,Specific,3351,5234,10134,89,0,3020,upgrades
2022-05-30,facebook,Hobbies,Tinkering,3624,14224,10394,32,4,5615,upgrades
2022-05-30,google,Expansion,Products,7012,30953,28672,55,4,9723,upgrade
2022-05-30,google,Hobbies,Outdoors,2926,7244,19128,138,1,2873,upgrades
2022-05-30,google,Hobbies,Specific,3211,4714,12085,44,1,2313,upgrades
2022-05-30,google,Hobbies,Tinkering,2786,23101,23314,73,1,2398,upgrades
2022-05-31,facebook,Expansion,Products,52755,39842,31020,147,0,85812,upgrade
2022-05-31,facebook,Hobbies,Outdoors,0,0,0,0,0,0,upgrades
2022-05-31,facebook,Hobbies,Tinkering,2055,22461,26770,44,0,2233,upgrades
2022-05-31,google,Expansion,Products,19562,17491,6103,19,6,26515,upgrade
2022-05-31,google,Hobbies,Outdoors,0,0,0,0,0,0,upgrades
2022-05-31,google,Hobbies,Specific,2780,8391,14985,75,1,3222,upgrades
2022-05-31,google,Hobbies,Tinkering,2874,6241,14980,109,1,3535,upgrades
2022-06-01,facebook,Expansion,Products,14920,33127,39482,72,4,13825,upgrade
2022-06-01,facebook,Hobbies,Outdoors,0,0,0,0,0,0,upgrades
2022-06-01,facebook,Hobbies,Quick,0,0,0,0,0,0,upgrades
2022-06-01,facebook,Hobbies,Specific,3531,4212,16738,22,1,3885,upgrades
2022-06-01,facebook,Hobbies,Tinkering,4733,28678,23582,166,3,4646,upgrades
2022-06-01,google,Expansion,Products,28630,36020,34295,76,3,22434,upgrade
2022-06-01,google,Hobbies,Outdoors,0,0,0,0,0,0,upgrades
2022-06-01,google,Hobbies,Specific,3658,12384,8452,41,3,3546,upgrades
2022-06-01,google,Hobbies,Tinkering,1048,29375,11669,39,2,984,upgrades
2022-06-02,facebook,Expansion,Products,51425,34123,30231,90,5,56151,upgrade
2022-06-02,facebook,Hobbies,Specific,2715,23255,5550,64,1,3233,upgrades
2022-06-02,facebook,Hobbies,Tinkering,2051,18605,11510,107,1,3450,upgrades
2022-06-02,google,Expansion,Products,9276,18959,22952,113,2,9456,upgrade
2022-06-02,google,Hobbies,Specific,2484,5525,18657,43,1,3906,upgrades
2022-06-02,google,Hobbies,Tinkering,4490,26173,8769,79,0,5572,upgrades
2022-06-03,facebook,Expansion,Products,39089,11090,14577,87,0,39201,upgrade
2022-06-03,facebook,Hobbies,Specific,2415,12250,15713,19,2,2111,upgrades
2022-06-03,facebook,Hobbies,Tinkering,3702,26506,22054,48,2,5023,upgrades
2022-06-04,facebook,Expansion,Products,21562,5642,31068,89,4,27261,upgrade
2022-06-04,facebook,Hobbies,Specific,5089,15903,20689,33,3,5738,upgrades
2022-06-04,facebook,Hobbies,Tinkering,5014,11259,16074,107,1,6711,upgrades
2022-06-04,google,Expansion,Products,11970,10076,12274,29,1,16243,upgrade
2022-06-04,google,Hobbies,Tinkering,2460,3690,10393,106,1,1914,upgrades
2022-06-05,facebook,Expansion,Products,55533,37427,13547,109,3,79341,upgrade
2022-06-05,facebook,Hobbies,Specific,3385,35477,9507,96,2,5223,upgrades
2022-06-05,facebook,Hobbies,Tinkering,1506,11652,29292,33,2,2238,upgrades
2022-06-05,google,Expansion,Products,31797,5872,4243,103,0,22397,upgrade
2022-06-05,google,Hobbies,Specific,3366,13142,17106,44,1,4052,upgrades
2022-06-06,facebook,Expansion,Products,24494,29891,13903,36,4,32070,upgrade
2022-06-06,facebook,Hobbies,Specific,7103,12117,18088,138,1,12360,upgrades
2022-06-06,facebook,Hobbies,Tinkering,2963,9143,25076,193,3,4383,upgrades
2022-06-06,google,Expansion,Products,25188,14195,26626,135,1,36012,upgrade
2022-06-06,google,Hobbies,Tinkering,6195,26152,37844,98,2,9017,upgrades
2022-06-07,facebook,Hobbies,Specific,5989,18741,37663,196,5,10262,upgrades
2022-06-07,facebook,Hobbies,Tinkering,9182,30374,44374,77,4,15947,upgrades
2022-06-07,google,Expansion,Products,42369,27146,17573,104,3,31972,upgrade
2022-06-08,facebook,Expansion,Products,43416,27349,19014,123,5,49272,upgrade
2022-06-08,facebook,Hobbies,Specific,3033,23449,22845,60,4,4491,upgrades
2022-06-08,facebook,Hobbies,Tinkering,7746,23491,8892,98,5,6638,upgrades
2022-06-08,google,Expansion,Products,20486,6863,6299,55,3,25617,upgrade
2022-06-08,google,Hobbies,Specific,3466,10011,38736,127,3,2703,upgrades
2022-06-09,facebook,Expansion,Products,33720,13185,13781,93,1,51441,upgrade
2022-06-09,facebook,Hobbies,Specific,6373,9512,31608,214,1,6368,upgrades
2022-06-09,facebook,Hobbies,Tinkering,7417,54182,33360,245,3,7934,upgrades
2022-06-09,google,Expansion,Products,7454,10611,15912,57,1,8767,upgrade
2022-06-09,google,Hobbies,Specific,7385,31208,30206,163,2,5921,upgrades
2022-06-10,facebook,Expansion,Products,26147,22099,24000,50,3,33964,upgrade
2022-06-10,facebook,Hobbies,Tinkering,7676,64869,29233,280,2,10032,upgrades
2022-06-10,google,Hobbies,Unlimited,1083,1650,5069,33,0,1606,upgrades
2022-06-11,facebook,Expansion,Products,40786,13346,9525,62,1,41369,upgrade
2022-06-11,facebook,Hobbies,Business,1188,7057,17248,65,1,1972,upgrades
2022-06-11,facebook,Hobbies,Specific,8456,45050,25664,178,3,9620,upgrades
2022-06-11,facebook,Hobbies,Tinkering,2318,11965,9291,41,4,3907,upgrades
2022-06-11,facebook,Hobbies,Unlimited,2276,15790,12082,79,1,1767,upgrades
2022-06-11,google,Expansion,Products,44721,17373,15833,72,2,42805,upgrade
2022-06-11,google,Hobbies,Business,3465,18676,3152,42,1,3636,upgrades
2022-06-12,facebook,Expansion,Products,36543,9715,21505,73,4,34451,upgrade
2022-06-12,facebook,Hobbies,Business,3154,12498,5411,49,0,4183,upgrades
2022-06-12,facebook,Hobbies,Specific,6046,31010,20815,103,4,9546,upgrades
2022-06-12,facebook,Hobbies,Tinkering,6244,27403,28470,87,2,4705,upgrades
2022-06-12,facebook,Hobbies,Unlimited,3757,12462,15321,30,1,5199,upgrades
2022-06-12,google,Expansion,Products,33442,19709,15435,31,1,24296,upgrade
2022-06-12,google,Hobbies,Business,1155,5366,14495,74,2,1776,upgrades
2022-06-12,google,Hobbies,Specific,6492,22068,33294,17,2,7956,upgrades
2022-06-12,google,Hobbies,Tinkering,6652,10956,38064,87,1,8072,upgrades
2022-06-13,facebook,Expansion,Products,49496,15287,5407,70,4,70675,upgrade
2022-06-13,facebook,Hobbies,Specific,2543,19727,13571,120,2,2342,upgrades
2022-06-13,facebook,Hobbies,Tinkering,11356,10489,23409,217,5,16666,upgrades
2022-06-13,google,Expansion,Products,22504,12093,6014,68,2,15615,upgrade
2022-06-13,google,Hobbies,Business,1123,10939,19196,56,0,1313,upgrades
2022-06-13,google,Hobbies,Unlimited,1416,6606,6876,72,1,1774,upgrades
2022-06-14,facebook,Expansion,Products,31783,4627,14851,31,5,47388,upgrade
2022-06-14,facebook,Hobbies,Business,4348,16920,20231,92,1,3752,upgrades
2022-06-14,facebook,Hobbies,Tinkering,4459,10775,52012,285,1,6079,upgrades
2022-06-14,facebook,Hobbies,Unlimited,3547,6977,6923,60,0,3284,upgrades
2022-06-14,google,Expansion,Products,17140,5784,2363,85,3,19816,upgrade
2022-06-14,google,Hobbies,Business,3189,8535,18047,59,1,4453,upgrades
2022-06-14,google,Hobbies,Specific,1167,32516,13530,66,1,1284,upgrades
2022-06-14,google,Hobbies,Unlimited,2671,9363,4611,119,1,3068,upgrades
2022-06-15,facebook,Expansion,Products,33961,25254,15371,47,1,39700,upgrade
2022-06-15,facebook,Hobbies,Business,995,5535,3798,7,0,1306,upgrades
2022-06-15,facebook,Hobbies,Specific,2123,4595,8262,37,1,3600,upgrades
2022-06-15,facebook,Hobbies,Tinkering,10901,24832,22635,100,1,13309,upgrades
2022-06-15,facebook,Hobbies,Unlimited,4004,5450,12437,117,3,6569,upgrades
2022-06-15,google,Expansion,Products,18067,20039,22046,66,3,17597,upgrade
2022-06-15,google,Hobbies,Business,204,3630,5103,16,1,266,upgrades
2022-06-15,google,Hobbies,Specific,2597,9318,7721,33,0,3849,upgrades
2022-06-16,facebook,Expansion,Products,29683,13671,13944,105,1,45218,upgrade
2022-06-16,facebook,Hobbies,Specific,0,0,0,0,0,0,upgrades
2022-06-16,facebook,Hobbies,Tinkering,1981,34972,49991,98,5,3120,upgrades
2022-06-16,facebook,Hobbies,Unlimited,1977,6837,6269,102,2,3258,upgrades
2022-06-16,google,Expansion,Products,21566,14210,8549,65,0,18892,upgrade
2022-06-16,google,Hobbies,Unlimited,3358,15613,12016,77,3,3361,upgrades
2022-06-17,facebook,Expansion,Products,13680,4112,18209,47,1,19544,upgrade
2022-06-17,facebook,Hobbies,Tinkering,2732,48666,50282,95,0,2647,upgrades
2022-06-17,facebook,Hobbies,Unlimited,4322,18930,16768,105,2,3296,upgrades
2022-06-17,google,Expansion,Products,12084,20466,19820,64,0,10039,upgrade
2022-06-17,google,Hobbies,Tinkering,5001,39947,23001,83,4,8176,upgrades
2022-06-18,facebook,Expansion,Products,37775,10517,11086,34,1,29771,upgrade
2022-06-18,facebook,Hobbies,Tinkering,3988,56188,24112,105,6,6837,upgrades
2022-06-18,google,Expansion,Products,16741,10324,10032,16,4,26800,upgrade
2022-06-18,google,Hobbies,Tinkering,8757,49340,15130,195,3,6948,upgrades
2022-06-18,google,Hobbies,Unlimited,3366,19684,4633,64,1,2272,upgrades
2022-06-19,facebook,Expansion,Products,49032,11936,8652,35,3,81192,upgrade
2022-06-19,facebook,Hobbies,Tinkering,11857,28582,47927,201,5,17292,upgrades
2022-06-19,facebook,Hobbies,Unlimited,1348,19891,22476,146,1,1731,upgrades
2022-06-19,google,Expansion,Products,41082,26653,17427,20,2,64792,upgrade
2022-06-19,google,Hobbies,Unlimited,2676,20567,15253,62,2,3412,upgrades
2022-06-20,facebook,Expansion,Products,14071,23450,4855,64,6,15151,upgrade
2022-06-20,facebook,Hobbies,Tinkering,7854,10845,33669,117,4,11709,upgrades
2022-06-20,facebook,Hobbies,Unlimited,4364,19693,5675,36,2,4251,upgrades
2022-06-20,google,Hobbies,Business,0,0,0,0,0,0,upgrades
2022-06-20,google,Hobbies,Tinkering,3646,53636,21856,43,1,5365,upgrades
2022-06-20,google,Hobbies,Unlimited,1916,20886,8785,116,3,1553,upgrades
2022-06-21,facebook,Expansion,Products,57803,9978,15218,168,1,77930,upgrade
2022-06-21,facebook,Hobbies,Tinkering,5111,33429,40448,103,2,4510,upgrades
2022-06-21,facebook,Hobbies,Unlimited,3885,5466,4384,126,1,5780,upgrades
2022-06-21,google,Expansion,Products,34665,17181,11768,60,4,31834,upgrade
2022-06-21,google,Hobbies,Tinkering,1525,48929,21469,145,4,2144,upgrades
2022-06-21,google,Hobbies,Unlimited,2034,10413,19114,125,3,2362,upgrades
2022-06-22,facebook,Hobbies,Tinkering,11019,54745,50803,47,3,15959,upgrades
2022-06-22,facebook,Hobbies,Unlimited,1217,19968,11276,66,2,1958,upgrades
2022-06-22,google,Expansion,Products,26767,10213,14567,22,6,39598,upgrade
2022-06-22,google,Hobbies,Tinkering,6603,31359,19135,29,1,8855,upgrades
2022-06-22,google,Hobbies,Unlimited,1063,15560,13865,88,1,1203,upgrades
2022-06-23,facebook,Expansion,Products,11303,6823,7092,126,6,11869,upgrade
2022-06-23,facebook,Hobbies,Unlimited,4148,20908,21839,59,1,4098,upgrades
2022-06-23,google,Expansion,Products,23610,14680,8214,116,1,37967,upgrade
2022-06-23,google,Hobbies,Tinkering,1050,48185,37230,184,5,719,upgrades
2022-06-24,facebook,Expansion,Products,34613,9901,5899,36,5,53254,upgrade
2022-06-24,facebook,Hobbies,Tinkering,10352,37298,18315,97,6,10974,upgrades
2022-06-24,facebook,Hobbies,Unlimited,2414,20389,12697,115,1,1936,upgrades
2022-06-24,google,Expansion,Products,23676,15690,19896,88,0,15696,upgrade
2022-06-24,google,Hobbies,Tinkering,1183,9455,45129,103,6,1763,upgrades
2022-06-24,google,Hobbies,Unlimited,1624,4805,20822,94,3,1129,upgrades
2022-06-25,facebook,Expansion,Products,26730,11977,14821,66,1,38895,upgrade
2022-06-25,facebook,Hobbies,Tinkering,3143,21165,31323,130,4,5405,upgrades
2022-06-25,google,Expansion,Products,18577,18451,18312,26,4,29403,upgrade
2022-06-25,google,Hobbies,Tinkering,8633,24343,20032,28,0,7494,upgrades
2022-06-25,google,Hobbies,Unlimited,2557,26560,14368,107,3,2192,upgrades
2022-06-26,facebook,Expansion,Products,51452,6387,15096,45,3,85670,upgrade
2022-06-26,facebook,Hobbies,Unlimited,7267,23971,11466,207,1,6223,upgrades
2022-06-26,google,Expansion,Products,10176,6929,2705,79,3,16705,upgrade
2022-06-26,google,Hobbies,Unlimited,2402,10929,27300,134,3,3243,upgrades
2022-06-27,facebook,Expansion,Products,54780,27268,8392,108,4,87195,upgrade
2022-06-27,facebook,Hobbies,Tinkering,1970,24050,47874,75,2,3290,upgrades
2022-06-27,facebook,Hobbies,Unlimited,1169,32891,30386,44,3,1869,upgrades
2022-06-27,google,Expansion,Products,26211,23662,12344,69,4,37034,upgrade
2022-06-27,google,Hobbies,Tinkering,2357,45813,35546,117,2,3517,upgrades
2022-06-27,google,Hobbies,Unlimited,3809,38218,13913,207,2,5741,upgrades
2022-06-28,facebook,Expansion,Products,32228,6133,7631,13,2,29748,upgrade
2022-06-28,facebook,Hobbies,Tinkering,7239,19876,43029,69,4,7573,upgrades
2022-06-28,facebook,Hobbies,Unlimited,3423,12196,39868,213,2,2775,upgrades
2022-06-28,google,Expansion,Products,46784,2943,3822,16,1,39897,upgrade
2022-06-28,google,Hobbies,Tinkering,2738,35639,43503,92,3,3719,upgrades
2022-06-28,google,Hobbies,Unlimited,6334,8119,29995,133,0,8177,upgrades
2022-06-29,facebook,Expansion,Products,30704,4843,7620,56,3,47929,upgrade
2022-06-29,facebook,Hobbies,Tinkering,9508,13454,16717,67,7,9269,upgrades
2022-06-29,google,Expansion,Products,40144,13377,12567,48,0,32437,upgrade
2022-06-29,google,Hobbies,Tinkering,1734,43376,5563,192,1,2114,upgrades
2022-06-29,google,Hobbies,Unlimited,4375,26661,20528,137,7,3921,upgrades
2022-06-30,facebook,Expansion,Products,20624,13695,23148,44,2,20327,upgrade
2022-06-30,facebook,Hobbies,Quick,2374,16182,12121,46,1,3977,upgrades
2022-06-30,facebook,Hobbies,Specific,2435,8407,18936,28,2,4082,upgrades
2022-06-30,facebook,Hobbies,Tinkering,5784,45014,39124,98,4,9238,upgrades
2022-06-30,facebook,Hobbies,Unlimited,2349,24851,11809,121,0,3297,upgrades
2022-06-30,google,Expansion,Products,37053,6128,24850,124,4,27613,upgrade
2022-06-30,google,Hobbies,Quick,3331,4639,14676,86,2,2185,upgrades
2022-06-30,google,Hobbies,Specific,3014,21246,8849,28,3,4397,upgrades
2022-07-01,facebook,Expansion,Products,38320,20914,33213,119,2,30939,upgrade
2022-07-01,facebook,Hobbies,Quick,1485,9377,1928,40,1,1438,upgrades
2022-07-01,facebook,Hobbies,Specific,2247,17193,6377,75,1,3895,upgrades
2022-07-01,facebook,Hobbies,Tinkering,2663,7534,2694,26,1,3572,upgrades
2022-07-01,facebook,Hobbies,Unlimited,4071,14015,9046,74,0,5604,upgrades
2022-07-01,google,Expansion,Products,55589,27205,25214,84,1,70210,upgrade
2022-07-01,google,Hobbies,Quick,1629,1532,7277,9,0,2231,upgrades
2022-07-01,google,Hobbies,Unlimited,490,8516,15716,90,1,693,upgrades
2022-07-02,facebook,Expansion,Products,51073,18550,25574,31,0,54589,upgrade
2022-07-02,facebook,Hobbies,Quick,0,0,0,0,0,0,upgrades
2022-07-02,facebook,Hobbies,Specific,0,0,0,0,0,0,upgrades
2022-07-02,facebook,Hobbies,Tinkering,0,0,0,0,0,0,upgrades
2022-07-02,facebook,Hobbies,Unlimited,0,0,0,0,0,0,upgrades
2022-07-02,google,Expansion,Products,48577,10272,20402,19,0,42664,upgrade
2022-07-02,google,Hobbies,Quick,0,0,0,0,0,0,upgrades
2022-07-02,google,Hobbies,Specific,0,0,0,0,0,0,upgrades
2022-07-02,google,Hobbies,Unlimited,0,0,0,0,0,0,upgrades
2022-07-03,facebook,Expansion,Products,49898,6802,7073,36,2,71734,upgrade
2022-07-03,facebook,Hobbies,Specific,0,0,0,0,0,0,upgrades
2022-07-03,google,Expansion,Products,39514,26865,28214,84,2,28047,upgrade
2022-07-03,google,Hobbies,Specific,0,0,0,0,0,0,upgrades
2022-07-04,facebook,Expansion,Products,48816,9719,5540,145,7,74066,upgrade
2022-07-04,facebook,Hobbies,Tinkering,0,0,0,0,0,0,upgrades
2022-07-04,google,Hobbies,Tinkering,0,0,0,0,0,0,upgrades
2022-07-05,facebook,Expansion,Products,38764,11470,7378,138,3,65817,upgrade
2022-07-05,facebook,Hobbies,Tinkering,0,0,0,0,0,0,upgrades
2022-07-05,facebook,Hobbies,Unlimited,0,0,0,0,0,0,upgrades
2022-07-05,google,Expansion,Products,21516,9106,4686,104,4,27538,upgrade
2022-07-05,google,Hobbies,Tinkering,0,0,0,0,0,0,upgrades
2022-07-06,facebook,Expansion,Products,59029,8726,19609,39,3,61648,upgrade
2022-07-06,google,Expansion,Products,54317,11383,8135,23,6,44371,upgrade
2022-07-07,facebook,Hobbies,Unlimited,0,0,0,0,0,0,upgrades
2022-07-07,google,Expansion,Products,36203,3797,22445,134,0,30496,upgrade
2022-07-07,google,Hobbies,Unlimited,0,0,0,0,0,0,upgrades
2022-07-08,facebook,Expansion,Products,17148,11348,6526,98,1,18534,upgrade
2022-07-09,facebook,Expansion,Products,46170,25300,22293,53,2,35511,upgrade
2022-07-09,google,Expansion,Products,36999,10887,6800,12,3,27714,upgrade
2022-07-10,facebook,Expansion,Products,23434,11266,14152,74,5,25462,upgrade
2022-07-11,facebook,Expansion,Products,3302,2674,4950,40,2,4702,upgrade
2022-07-11,google,Expansion,Products,8565,5476,8407,39,0,6515,upgrade
2022-10-27,facebook,Expansion,Products,35963,45223,13859,87,3,37669,upgrade
2022-10-27,google,Expansion,Products,48639,9899,33251,22,5,54958,upgrade
2022-10-28,facebook,Expansion,Products,63033,5522,8665,121,3,59000,upgrade
2022-10-29,facebook,Expansion,Products,71403,33358,7757,115,3,68034,upgrade
2022-10-29,google,Expansion,Products,49801,26075,15090,81,0,67070,upgrade
2022-10-30,facebook,Expansion,Products,33591,27562,30478,69,4,47261,upgrade
2022-10-30,google,Expansion,Products,41590,28477,10256,120,2,36189,upgrade
2022-10-31,facebook,Expansion,Products,22745,6054,8858,58,1,19187,upgrade
2022-10-31,google,Expansion,Products,14153,6922,4800,29,2,20471,upgrade
2022-11-01,facebook,Expansion,Products,0,0,0,0,0,0,upgrade
2022-11-01,google,Expansion,Products,0,0,0,0,0,0,upgrade
2022-11-05,facebook,Expansion,Products,0,0,0,0,0,0,upgrade
2022-11-05,google,Expansion,Products,0,0,0,0,0,0,upgrade
,facebook,,,0,0,0,0,0,0,
